game_id,game_status,home_team,home_id,home_rank,home_record,home_score,away_team,away_id,away_rank,away_record,away_score,home_point_spread,home_win,num_ots,is_conference,is_neutral,is_postseason,tournament,game_day,game_time,game_loc,arena,arena_capacity,attendance,tv_network,referee_1,referee_2,referee_3
401823374,Final,IU Indianapolis Jaguars,85,,0-1,102,Ohio State Buckeyes,194,,1-0,118,,False,0,False,False,False,,2025-11-03,03:30 PM PST,"Columbus, OH",Value City Arena,,8141.0,B1G+,Paul Szelc,Rob Kueneman,Luke Schumer
401812350,Final,Long Island University Sharks,112358,,0-1,67,Notre Dame Fighting Irish,87,,1-0,89,,False,0,False,False,False,,2025-11-03,04:00 PM PST,"South Bend, IN",Purcell Pavilion,,3911.0,ACC Extra,Clarence Armstrong,Connor Mooney,Nick Terry
401812625,Final,Rider Broncs,2520,,0-1,53,Virginia Cavaliers,258,,1-0,87,,False,0,False,False,False,,2025-11-03,04:00 PM PST,"Charlottesville, VA",John Paul Jones Arena,,12121.0,ACC Extra,Bill Covington Jr.,Anthony Eades,Randall Wells
401812916,Final,New Hampshire Wildcats,160,,0-1,38,Clemson Tigers,228,,1-0,88,,False,0,False,False,False,,2025-11-03,04:00 PM PST,"Clemson, SC",Littlejohn Coliseum,,7439.0,ACC Extra,Isaac Barnett,Tommy Morrissey,Chase Furlough
401817211,Final,Boston College Eagles,103,,0-1,78,Florida Atlantic Owls,2226,,1-0,83,,False,1,False,False,False,,2025-11-03,04:00 PM PST,"Boca Raton, FL",Eleanor R. Baldwin Arena,,3161.0,ESPNU,Chuck Jones,Garrick Shannon,Chuck McCoy
401817252,Final,North Carolina Central Eagles,2428,,0-1,66,NC State Wolfpack,152,,1-0,114,,False,0,False,False,False,,2025-11-03,04:00 PM PST,"Raleigh, NC",Lenovo Center,,19119.0,ACC Extra,Tony Henderson,Ryan Sassano,Connor Macdaid
401817262,Final,Central Arkansas Bears,2110,,0-1,54,North Carolina Tar Heels,153,25.0,1-0,94,,False,0,False,False,False,,2025-11-03,04:00 PM PST,"Chapel Hill, NC",Dean E. Smith Center,,16079.0,ACC Network,Les Jones,A.J. Desai,Kellen Miliner
401817441,Final,Youngstown State Penguins,2754,,0-1,59,Pittsburgh Panthers,221,,1-0,74,,False,0,False,False,False,,2025-11-03,04:00 PM PST,"Pittsburgh, PA",Petersen Events Center,,5050.0,ACC Extra,Ron Tyburski,Jeremy Mosier,Eric Lewis
401817476,Final,Binghamton Bearcats,2066,,0-1,47,Syracuse Orange,183,,1-0,85,,False,0,False,False,False,,2025-11-03,04:00 PM PST,"Syracuse, NY",JMA Wireless Dome,,18762.0,ACC Extra,Bert Smith,Mike Millione,Michael Kitts
401817517,Final,Charleston Southern Buccaneers,2127,,0-1,67,Virginia Tech Hokies,259,,1-0,98,,False,0,False,False,False,,2025-11-03,04:00 PM PST,"Blacksburg, VA",Cassell Coliseum,,4488.0,ACC Extra,Sean Hull,Justin Porterfield,Ian McClenny
401820296,Final,Maryland Eastern Shore Hawks,2379,,0-1,52,Georgia Tech Yellow Jackets,59,,1-0,56,,False,1,False,False,False,,2025-11-03,04:30 PM PST,"Atlanta, GA",McCamish Pavilion,,3551.0,ACC Extra,Ron Groover,Connor Penn,Italo Araujo
401809413,Final,Jacksonville Dolphins,294,,0-1,69,Miami Hurricanes,2390,,1-0,86,,False,0,False,False,False,,2025-11-03,05:00 PM PST,"Coral Gables, FL",Watsco Center,,5633.0,ACC Extra,Mark Schnur,Ben Stirt,Clare Aubry
401817452,Final,Tarleton State Texans,2627,,0-1,76,SMU Mustangs,2567,,1-0,96,,False,0,False,False,False,,2025-11-03,05:00 PM PST,"Dallas, TX",Moody Coliseum (Dallas),,4626.0,ACC Extra,Lee Cassell,Chase Shaw,Chandler Burton
401817527,Final,American University Eagles,44,,0-1,74,Wake Forest Demon Deacons,154,,1-0,88,,False,0,False,False,False,,2025-11-03,05:00 PM PST,"Winston-Salem, NC",LJVM Coliseum,,7023.0,ACC Extra,Roger Ayers,J.W. Lucas,Joe Switzer
401819823,Final,UT Rio Grande Valley Vaqueros,292,,0-1,81,Baylor Bears,239,,1-0,96,,False,0,False,False,False,,2025-11-03,05:00 PM PST,"Waco, TX",Foster Pavilion,,6422.0,ESPN+,Bret Smith,Darron George,Keith Patterson
401826083,Final,Oakland Golden Grizzlies,2473,,0-1,78,Michigan Wolverines,130,7.0,1-0,121,,False,0,False,False,False,,2025-11-03,05:30 PM PST,"Ann Arbor, MI",Crisler Center,,11801.0,FS1,Brian McNutt,Jeffrey Anderson,Anthony Burris
401817239,Final,South Carolina State Bulldogs,2569,,0-1,45,Louisville Cardinals,97,11.0,1-0,104,,False,0,False,False,False,,2025-11-03,06:00 PM PST,"Louisville, KY",KFC Yum! Center,,14218.0,ACC Network,Jerry Heater,Steven Perry,Trey Styons
401817218,Final,Cal State Bakersfield Roadrunners,2934,,0-1,60,California Golden Bears,25,,1-0,87,,False,0,False,False,False,,2025-11-03,07:00 PM PST,"Berkeley, CA",Haas Pavilion,,3143.0,ACC Extra,Jemel Spearman,Jeff  Pon,Adam Flore
401826705,Final,Alcorn State Braves,2016,,0-1,76,Florida State Seminoles,52,,1-0,108,,False,0,False,False,False,,2025-11-04,04:00 PM PST,"Tallahassee, FL",Tucker Center,,5397.0,ACC Extra,Ron Groover,Mark Schnur,Clare Aubry
401817228,Final,Texas Longhorns,251,,0-1,60,Duke Blue Devils,150,6.0,1-0,75,,False,0,False,True,False,Dick Vitale Invitational presented by Belk,2025-11-04,05:45 PM PST,"Charlotte, NC",Spectrum Center,,12435.0,ESPN,Doug Shows,Tony Padilla,Roger Ayers
401817464,Final,Portland State Vikings,2502,,0-1,79,Stanford Cardinal,24,,1-0,89,,False,0,False,False,False,,2025-11-04,07:00 PM PST,"Stanford, CA",Maples Pavilion,,2300.0,ACC Extra,Jemel Spearman,Jeff  Pon,Adam Flore
401809414,Final,Bethune-Cookman Wildcats,2065,,0-2,61,Miami Hurricanes,2390,,2-0,101,,False,0,False,False,False,,2025-11-06,04:00 PM PST,"Coral Gables, FL",Watsco Center,,4508.0,ACC Extra,Ron Groover,Bill Covington Jr.,Joe Switzer
401817212,Final,The Citadel Bulldogs,2643,,1-1,47,Boston College Eagles,103,,1-1,76,,False,0,False,False,False,,2025-11-06,04:00 PM PST,"Chestnut Hill, MA",Conte Forum,,2538.0,ACC Extra,Tony Henderson,Tommy Morrissey,Connor Penn
401817240,Final,Jackson State Tigers,2296,,0-2,70,Louisville Cardinals,97,11.0,2-0,106,,False,0,False,False,False,,2025-11-06,04:00 PM PST,"Louisville, KY",KFC Yum! Center,,14412.0,ACC Extra,Lee Cassell,Tony Chiazza,Matt Potter
401817453,Final,Texas A&M-Corpus Christi Islanders,357,,1-1,58,SMU Mustangs,2567,,2-0,69,,False,0,False,False,False,,2025-11-06,05:00 PM PST,"Dallas, TX",Moody Coliseum (Dallas),,4222.0,ACC Extra,Bert Smith,Clarence Armstrong,Ben Stirt
401817219,Final,Wright State Raiders,2750,,1-1,67,California Golden Bears,25,,2-0,77,,False,0,False,False,False,,2025-11-06,07:00 PM PST,"Berkeley, CA",Haas Pavilion,,2172.0,ACC Extra,Roger Ayers,Ryan Sassano,Nick Terry
401823392,Final,Purdue Fort Wayne Mastodons,2870,,0-2,68,Ohio State Buckeyes,194,,2-0,94,,False,0,False,False,False,,2025-11-07,03:30 PM PST,"Columbus, OH",Value City Arena,,8926.0,BTN,Jason Phillips,Andy  O'Brien,Randy Richardson
401812917,Final,Gardner-Webb Runnin' Bulldogs,2241,,0-2,59,Clemson Tigers,228,,2-0,97,,False,0,False,False,False,,2025-11-07,04:00 PM PST,"Clemson, SC",Littlejohn Coliseum,,7217.0,ACC Network,Sean Hull,A.J. Desai,Connor Mooney
401817132,Final,Detroit Mercy Titans,2174,,0-2,70,Notre Dame Fighting Irish,87,,2-0,102,,False,0,False,False,False,,2025-11-07,04:00 PM PST,"South Bend, IN",Purcell Pavilion,,7608.0,ACC Extra,Lamar Simpson,Jeff  Pon,Chase Shaw
401817263,Final,Kansas Jayhawks,2305,19.0,1-1,74,North Carolina Tar Heels,153,25.0,2-0,87,,False,0,False,False,False,,2025-11-07,04:00 PM PST,"Chapel Hill, NC",Dean E. Smith Center,,21750.0,ESPN,Ron Groover,Bert Smith,John Gaffney
401817442,Final,Longwood Lancers,2344,,1-1,60,Pittsburgh Panthers,221,,2-0,78,,False,0,False,False,False,,2025-11-07,04:00 PM PST,"Pittsburgh, PA",Petersen Events Center,,5134.0,ACC Extra,Doug Sirmons,Tommy Morrissey,Michael Kitts
401817487,Final,North Carolina Central Eagles,2428,,0-2,62,Virginia Cavaliers,258,,2-0,81,,False,0,False,False,False,,2025-11-07,04:00 PM PST,"Charlottesville, VA",John Paul Jones Arena,,12576.0,ACC Extra,Mark Schnur,Justin Porterfield,Clare Aubry
401817528,Final,Morehead State Eagles,2413,,1-1,65,Wake Forest Demon Deacons,154,,2-0,81,,False,0,False,False,False,,2025-11-07,04:00 PM PST,"Winston-Salem, NC",LJVM Coliseum,,6689.0,ACC Extra,Lee Cassell,Ben Stirt,Kellen Miliner
401826706,Final,Alabama State Hornets,2011,,0-1,64,Florida State Seminoles,52,,2-0,101,,False,0,False,False,False,,2025-11-07,04:00 PM PST,"Tallahassee, FL",Tucker Center,,6137.0,ACC Extra,Eric Lewis,Adam Flore,Randall Wells
401820614,Final,Bryant Bulldogs,2803,,0-2,45,Georgia Tech Yellow Jackets,59,,2-0,74,,False,0,False,False,False,,2025-11-07,04:30 PM PST,"Atlanta, GA",McCamish Pavilion,,4886.0,ACC Extra,Tony Henderson,Jemel Spearman,Anthony Eades
401817253,Final,UAB Blazers,5,,1-1,70,NC State Wolfpack,152,,2-0,94,,False,0,False,False,False,,2025-11-07,06:00 PM PST,"Raleigh, NC",Lenovo Center,,15918.0,ACC Network,Tim Clougherty,Jerry Heater,Bill Covington Jr.
401817477,Final,Delaware State Hornets,2169,,0-2,43,Syracuse Orange,183,,2-0,83,,False,0,False,False,False,,2025-11-08,10:00 AM PST,"Syracuse, NY",JMA Wireless Dome,,19275.0,ACC Extra,Clarence Armstrong,Isaac Barnett,Joe Switzer
401817229,Final,Western Carolina Catamounts,2717,,0-2,54,Duke Blue Devils,150,6.0,2-0,95,,False,0,False,False,False,,2025-11-08,10:30 AM PST,"Durham, NC",Cameron Indoor Stadium,,9314.0,The CW Network,Ron Groover,Justin Porterfield,Clare Aubry
401817465,Final,Montana Grizzlies,149,,2-1,68,Stanford Cardinal,24,,2-0,91,,False,0,False,False,False,,2025-11-08,01:00 PM PST,"Stanford, CA",Maples Pavilion,,3549.0,ACC Extra,Roger Ayers,Ryan Sassano,Nick Terry
401817518,Final,Providence Friars,2507,,1-1,101,Virginia Tech Hokies,259,,2-0,107,,False,1,False,True,False,Basketball Hall of Fame Tip-Off,2025-11-08,01:30 PM PST,"Uncasville, CT",Mohegan Sun Arena,,0.0,Peacock,Pat Driscoll,Greg Evans,Kellen Miliner
401819824,Final,Washington Huskies,264,,2-1,69,Baylor Bears,239,,2-0,78,,False,0,False,False,False,,2025-11-09,05:30 PM PST,"Waco, TX",Foster Pavilion,,6542.0,ESPN,Roger Ayers,Doug Sirmons,Brooks Wells
401809415,Final,Stetson Hatters,56,,1-2,61,Miami Hurricanes,2390,,3-0,102,,False,0,False,False,False,,2025-11-10,04:00 PM PST,"Coral Gables, FL",Watsco Center,,4105.0,ACC Network,A.J. Desai,Clarence Armstrong,Ryan Sassano
401817443,Final,Eastern Michigan Eagles,2199,,1-1,66,Pittsburgh Panthers,221,,3-0,78,,False,0,False,False,False,,2025-11-10,04:00 PM PST,"Pittsburgh, PA",Petersen Events Center,,4572.0,ACC Extra,Lee Cassell,Tony Henderson,Kellen Miliner
401808950,Final,SE Louisiana Lions,2545,,0-3,60,Georgia Tech Yellow Jackets,59,,3-0,70,,False,0,False,False,False,,2025-11-10,06:00 PM PST,"Atlanta, GA",McCamish Pavilion,,4585.0,ACC Network,Brian  O'Connell,Roger Ayers,Clare Aubry
401817220,Final,Cal State Fullerton Titans,2239,,1-2,65,California Golden Bears,25,,3-0,93,,False,0,False,False,False,,2025-11-10,07:00 PM PST,"Berkeley, CA",Haas Pavilion,,2377.0,ACC Extra,Tommy Morrissey,Trey Styons,Michael Kitts
401817529,Final,Wake Forest Demon Deacons,154,,2-1,84,Michigan Wolverines,130,6.0,2-0,85,,False,1,False,True,False,,2025-11-11,03:30 PM PST,"Detroit, MI",Little Caesars Arena,,7362.0,FS1,Ryan Sassano,Anthony Burris,Luke Schumer
401826733,Final,App State Mountaineers,2026,,2-2,53,Ohio State Buckeyes,194,,3-0,75,,False,0,False,False,False,,2025-11-11,03:30 PM PST,"Columbus, OH",Value City Arena,,7938.0,B1G+,Tim Comer,Gerald Williams,Edwin  Young
401812644,Final,Central Connecticut Blue Devils,2115,,2-1,60,Boston College Eagles,103,,1-2,59,,True,0,False,False,False,,2025-11-11,04:00 PM PST,"Chestnut Hill, MA",Conte Forum,,3774.0,ACC Extra,Justin Porterfield,Eric Lewis,Jeff  Pon
401812918,Final,Morehead State Eagles,2413,,1-3,56,Clemson Tigers,228,,3-0,83,,False,0,False,False,False,,2025-11-11,04:00 PM PST,"Clemson, SC",Littlejohn Coliseum,,6357.0,ACC Extra,Roger Ayers,Jemel Spearman,Chase Shaw
401817230,Final,Duke Blue Devils,150,4.0,3-0,114,Army Black Knights,349,,1-2,59,,True,0,False,False,False,,2025-11-11,04:00 PM PST,"West Point, NY",Christl Arena,,5326.0,CBSSN,Jeffrey Anderson,Greg Evans,Adam Flore
401817264,Final,Radford Highlanders,2515,,2-1,74,North Carolina Tar Heels,153,18.0,3-0,89,,False,0,False,False,False,,2025-11-11,04:00 PM PST,"Chapel Hill, NC",Dean E. Smith Center,,16613.0,ACC Network,Jerry Heater,Clarence Armstrong,Anthony Eades
401826707,Final,Florida State Seminoles,52,,2-1,76,Florida Gators,57,10.0,2-1,78,,False,0,False,False,False,,2025-11-11,04:00 PM PST,"Gainesville, FL",Stephen C. O'Connell Center,,10785.0,SEC Network,Lee Cassell,Joe Lindsay,Pat Adams
401817433,Final,Eastern Illinois Panthers,2197,,1-2,58,Notre Dame Fighting Irish,87,,3-0,78,,False,0,False,False,False,,2025-11-11,04:30 PM PST,"South Bend, IN",Purcell Pavilion,,3618.0,ACC Extra,Tony Chiazza,Matt Potter,Randall Wells
401817241,Final,Kentucky Wildcats,96,9.0,2-1,88,Louisville Cardinals,97,12.0,3-0,96,,False,0,False,False,False,,2025-11-11,05:00 PM PST,"Louisville, KY",KFC Yum! Center,,22586.0,ESPN,Ron Groover,A.J. Desai,Courtney Green
401817454,Final,Murray State Racers,93,,2-1,91,SMU Mustangs,2567,,3-0,102,,False,0,False,False,False,,2025-11-11,05:00 PM PST,"Dallas, TX",Moody Coliseum (Dallas),,4348.0,ACC Extra,Brian  O'Connell,Bill Covington Jr.,Isaac Barnett
401817488,Final,Hampton Pirates,2261,,1-2,53,Virginia Cavaliers,258,,3-0,91,,False,0,False,False,False,,2025-11-11,06:00 PM PST,"Charlottesville, VA",John Paul Jones Arena,,11393.0,ACC Network,Pat Driscoll,Tim Clougherty,Leslie Jones
401817519,Final,Saint Joseph's Hawks,2603,,2-1,59,Virginia Tech Hokies,259,,3-0,94,,False,0,False,False,False,,2025-11-12,04:00 PM PST,"Blacksburg, VA",Cassell Coliseum,,5246.0,ACC Extra,Lee Cassell,Roger Ayers,Bill Covington Jr.
401817254,Final,UNC Greensboro Spartans,2430,,0-3,64,NC State Wolfpack,152,,3-0,110,,False,0,False,False,False,,2025-11-12,05:00 PM PST,"Raleigh, NC",Lenovo Center,,14516.0,ACC Network,Brian  O'Connell,Eric Lewis,Jemel Spearman
401817466,Final,Montana State Bobcats,147,,1-3,68,Stanford Cardinal,24,,3-0,77,,False,0,False,False,False,,2025-11-12,07:00 PM PST,"Stanford, CA",Maples Pavilion,,2334.0,ACC Extra,Tommy Morrissey,Trey Styons,Michael Kitts
401817444,Final,Pittsburgh Panthers,221,,3-1,49,West Virginia Mountaineers,277,,4-0,71,,False,0,False,False,False,,2025-11-13,03:00 PM PST,"Morgantown, WV",WVU Coliseum,,12453.0,FS1,Kipp Kissinger,Roger Ayers,Marques Pettigrew
401817221,Final,California Golden Bears,25,,3-1,96,Kansas State Wildcats,2306,,3-0,99,,False,0,False,False,False,,2025-11-13,06:00 PM PST,"Manhattan, KS",Bramlage Coliseum,,7521.0,CBSSN,Tony Padilla,Doug Sirmons,Brooks Wells
401817231,Final,Indiana State Sycamores,282,,2-2,62,Duke Blue Devils,150,4.0,4-0,100,,False,0,False,False,False,,2025-11-14,04:00 PM PST,"Durham, NC",Cameron Indoor Stadium,,0.0,ACC Network,Clarence Armstrong,Jemel Spearman,Jeff  Pon
401812252,Final,Michigan Wolverines,130,6.0,3-0,67,TCU Horned Frogs,2628,,2-2,63,,True,0,False,False,False,,2025-11-14,06:00 PM PST,"Fort Worth, TX",Schollmaier Arena,,6426.0,ESPN2,Doug Sirmons,Edwin  Young,Tommy Johnson
401817265,Final,North Carolina Central Eagles,2428,,1-4,53,North Carolina Tar Heels,153,18.0,4-0,97,,False,0,False,False,False,,2025-11-14,06:00 PM PST,"Chapel Hill, NC",Dean E. Smith Center,,17522.0,ACC Network,Mark Schnur,Les Jones,Eric Lewis
401819825,Final,Tarleton State Texans,2627,,2-3,81,Baylor Bears,239,,3-0,94,,False,0,False,False,False,,2025-11-14,06:00 PM PST,"Waco, TX",Foster Pavilion,,7119.0,ESPN+,Ron Groover,Kipp Kissinger,Chris Merlo
401826713,Final,Georgia Tech Yellow Jackets,59,,3-1,87,Georgia Bulldogs,61,,4-0,92,,False,0,False,False,False,,2025-11-14,06:00 PM PST,"Athens, GA",Stegeman Coliseum,,10523.0,SEC Network,Lee Cassell,Jeb Hartness,Bart Lenox
401812919,Final,Clemson Tigers,228,,3-1,74,Georgetown Hoyas,46,,4-0,79,,False,0,False,False,False,,2025-11-15,09:00 AM PST,"Washington, DC",Capital One Arena,,8562.0,Peacock,James Breeding,Tony Henderson,Tommy Morrissey
401817242,Final,Ohio Bobcats,195,,1-3,81,Louisville Cardinals,97,12.0,4-0,106,,False,0,False,False,False,,2025-11-15,09:00 AM PST,"Louisville, KY",KFC Yum! Center,,14899.0,The CW Network,Tim Clougherty,Ben Stirt,Clare Aubry
401817489,Final,Marshall Thundering Herd,276,,3-1,78,Virginia Cavaliers,258,,4-0,104,,False,0,False,False,False,,2025-11-15,09:00 AM PST,"Charlottesville, VA",John Paul Jones Arena,,11776.0,ACC Extra,Jerry Heater,A.J. Desai,Anthony Eades
401817213,Final,Boston College Eagles,103,,2-2,76,Temple Owls,218,,2-1,71,,True,0,False,False,False,,2025-11-15,11:00 AM PST,"Philadelphia, PA",Liacouras Center,,3063.0,ESPN+,Jeff Clark,Clarence Armstrong,Vladimir Voyard-Tadal
401817455,Final,Butler Bulldogs,2086,,3-1,85,SMU Mustangs,2567,,4-0,87,,False,0,False,False,False,,2025-11-15,11:00 AM PST,"Dallas, TX",Moody Coliseum (Dallas),,5383.0,The CW Network,Lamar Simpson,Ron Groover,Matt Potter
401817478,Final,Drexel Dragons,2182,,1-3,50,Syracuse Orange,183,,3-0,80,,False,0,False,True,False,,2025-11-15,12:30 PM PST,"Philadelphia, PA",Xfinity Mobile Arena,,5768.0,Peacock,Roger Ayers,Bill Covington Jr.,Justin Porterfield
401817434,Final,Notre Dame Fighting Irish,87,,3-1,63,Ohio State Buckeyes,194,,4-0,64,,False,0,False,False,False,,2025-11-16,09:30 AM PST,"Columbus, OH",Value City Arena,,12357.0,FS1,Brian Dorsey,Paul Szelc,Jeffrey Anderson
401817520,Final,Charlotte 49ers,2429,,2-2,76,Virginia Tech Hokies,259,,4-0,84,,False,0,False,False,False,,2025-11-16,11:00 AM PST,"Blacksburg, VA",Cassell Coliseum,,5295.0,ACC Extra,Jerry Heater,Bart Lenox,Jemel Spearman
401817530,Final,UMass Lowell River Hawks,2349,,1-4,75,Wake Forest Demon Deacons,154,,3-1,109,,False,0,False,False,False,,2025-11-16,11:00 AM PST,"Winston-Salem, NC",LJVM Coliseum,,6825.0,ACC Extra,Lee Cassell,Chase Shaw,Troy Henderson
401809416,Final,Miami Hurricanes,2390,,3-1,68,Florida Gators,57,10.0,3-1,82,,False,0,False,True,False,GEICO Jacksonville Hoops Showdown,2025-11-16,05:30 PM PST,"Jacksonville, FL",Veterans Memorial Arena,,8321.0,ESPN,James Breeding,Byron Jarrett,A.J. Desai
401809077,Final,Bucknell Bison,2083,,2-3,50,Pittsburgh Panthers,221,,4-1,84,,False,0,False,False,False,,2025-11-17,04:00 PM PST,"Pittsburgh, PA",Petersen Events Center,,4674.0,ACC Extra,Bill Covington Jr.,Clarence Armstrong,Isaac Barnett
401817255,Final,VCU Rams,2670,,2-2,79,NC State Wolfpack,152,25.0,4-0,85,,False,0,False,False,False,,2025-11-17,04:00 PM PST,"Raleigh, NC",Lenovo Center,,14805.0,ACC Network,Tim Clougherty,Ron Groover,Roger Ayers
401812920,Final,North Alabama Lions,2453,,2-3,61,Clemson Tigers,228,,4-1,81,,False,0,False,False,False,,2025-11-17,06:00 PM PST,"Clemson, SC",Littlejohn Coliseum,,6356.0,ACC Network,Lee Cassell,A.J. Desai,Adam Flore
401817214,Final,Hampton Pirates,2261,,2-4,52,Boston College Eagles,103,,3-2,63,,False,0,False,False,False,,2025-11-18,04:00 PM PST,"Chestnut Hill, MA",Conte Forum,,3751.0,ACC Extra,Mark Schnur,Bill Covington Jr.,Kellen Miliner
401817266,Final,Navy Midshipmen,2426,,2-3,61,North Carolina Tar Heels,153,18.0,5-0,73,,False,0,False,False,False,,2025-11-18,04:00 PM PST,"Chapel Hill, NC",Dean E. Smith Center,,16869.0,ACC Network,Lee Cassell,Jemel Spearman,Ryan Sassano
401826708,Final,UT Martin Skyhawks,2630,,3-1,73,Florida State Seminoles,52,,3-1,87,,False,0,False,False,False,,2025-11-18,04:00 PM PST,"Tallahassee, FL",Tucker Center,,4367.0,ACC Extra,Ron Groover,Clarence Armstrong,Anthony Eades
401826714,Final,Georgia Southern Eagles,290,,3-2,66,Georgia Tech Yellow Jackets,59,,4-1,68,,False,0,False,False,False,,2025-11-18,04:30 PM PST,"Atlanta, GA",McCamish Pavilion,,5128.0,ACC Extra,A.J. Desai,Trey Styons,Chase Shaw
401817456,Final,Arkansas-Pine Bluff Golden Lions,2029,,0-6,60,SMU Mustangs,2567,,5-0,106,,False,0,False,False,False,,2025-11-18,05:00 PM PST,"Dallas, TX",Moody Coliseum (Dallas),,4347.0,ACC Extra,Roger Ayers,Tommy Morrissey,Clare Aubry
401817232,Final,Kansas Jayhawks,2305,24.0,3-2,66,Duke Blue Devils,150,5.0,5-0,78,,False,0,False,True,False,State Farm Champions Classic,2025-11-18,06:00 PM PST,"New York, NY",Madison Square Garden,,19327.0,ESPN,Bert Smith,John Gaffney,Kipp Kissinger
401817479,Final,Monmouth Hawks,2405,,1-3,73,Syracuse Orange,183,,4-0,78,,False,0,False,False,False,,2025-11-18,06:00 PM PST,"Syracuse, NY",JMA Wireless Dome,,18515.0,ACC Network,Jerry Heater,Tony Henderson,Eric Lewis
401817222,Final,Presbyterian Blue Hose,2506,,3-4,57,California Golden Bears,25,,4-1,67,,False,0,False,False,False,Empire Classic - Campus Game,2025-11-18,07:00 PM PST,"Berkeley, CA",Haas Pavilion,,1894.0,ACC Extra,Deron White,Justin Shamion,Jason Garretson
401817467,Final,Louisiana Ragin' Cajuns,309,,1-4,66,Stanford Cardinal,24,,4-0,93,,False,0,False,False,False,,2025-11-18,07:00 PM PST,"Stanford, CA",Maples Pavilion,,2266.0,ACC Extra,Michael Greenstein,Paul Szelc,Chris Pasci
401822996,Final,Middle Tennessee Blue Raiders,2393,,3-1,61,Michigan Wolverines,130,7.0,4-0,86,,False,0,False,False,False,,2025-11-19,03:30 PM PST,"Ann Arbor, MI",Crisler Center,,11188.0,BTN,Rob Kueneman,Chad Barlow,Luke Schumer
401817435,Final,Bellarmine Knights,91,,1-4,79,Notre Dame Fighting Irish,87,,4-1,86,,False,0,False,False,False,,2025-11-19,04:00 PM PST,"South Bend, IN",Purcell Pavilion,,3676.0,ACC Extra,Bill Covington Jr.,Tony Henderson,Joe Switzer
401817521,Final,Bryant Bulldogs,2803,,1-4,61,Virginia Tech Hokies,259,,5-0,78,,False,0,False,False,False,,2025-11-19,04:00 PM PST,"Blacksburg, VA",Cassell Coliseum,,5539.0,ACC Extra,Tim Clougherty,Tony Chiazza,Eric Lewis
401809417,Final,Elon Phoenix,2210,,3-2,72,Miami Hurricanes,2390,,4-1,99,,False,0,False,False,False,,2025-11-20,04:00 PM PST,"Coral Gables, FL",Watsco Center,,4131.0,ACC Extra,Ron Groover,Tommy Morrissey,Chase Shaw
401817445,Final,Pittsburgh Panthers,221,,4-2,67,UCF Knights,2116,,5-1,77,,False,0,False,True,False,Skyscanner Legends Classic,2025-11-20,04:00 PM PST,"Daytona Beach, FL",Ocean Center,,1006.0,ESPN2,,,
401827255,Final,Western Michigan Broncos,2711,,2-4,58,Ohio State Buckeyes,194,,5-0,91,,False,0,False,False,False,,2025-11-20,05:00 PM PST,"Columbus, OH",Value City Arena,,8294.0,BTN,Kevin Brill,Chad Barlow,Anthony Burris
401817531,Final,Wake Forest Demon Deacons,154,,3-2,83,Texas Tech Red Raiders,2641,15.0,4-1,84,,False,0,False,True,False,Baha Mar Championship,2025-11-20,05:59 PM PST,"Nassau, Bahamas",Baha Mar Convention Center,,2437.0,CBSSN,Bert Smith,Deldre Carr,Tyler Kumpf
401809311,Final,Davidson Wildcats,2166,,5-0,59,Boston College Eagles,103,,3-3,49,,True,0,False,True,False,Shriners Children's Charleston Classic - Lowcountry Bracket,2025-11-21,12:30 PM PST,"Charleston, SC",TD Arena,,2112.0,ESPN2,Mark Schnur,Jason Baker,Alfred Smith
401817490,Final,Northwestern Wildcats,77,,4-1,78,Virginia Cavaliers,258,,5-0,83,,False,0,False,True,False,Greenbrier Tip-Off - Mountain Division,2025-11-21,02:00 PM PST,"White Sulphur Springs, WV",Colonial Hall,,1209.0,CBSSN,Earl Walton,A.J. Desai,K.B. Burdett
401826709,Final,Georgia Southern Eagles,290,,3-3,72,Florida State Seminoles,52,,4-1,98,,False,0,False,False,False,,2025-11-21,03:00 PM PST,"Tallahassee, FL",Tucker Center,,3977.0,ACC Extra,John Gaffney,Les Jones,Randall Wells
401809308,Final,West Virginia Mountaineers,277,,5-1,67,Clemson Tigers,228,,5-1,70,,False,0,False,True,False,Shriners Children's Charleston Classic - Palmetto Bracket,2025-11-21,03:30 PM PST,"Charleston, SC",TD Arena,,4856.0,ESPNU,Pat Adams,Tommy Morrissey,Jason Garretson
401817243,Final,Louisville Cardinals,97,6.0,5-0,74,Cincinnati Bearcats,2132,,4-1,64,,True,0,False,True,False,Hoops Classic,2025-11-21,03:30 PM PST,"Cincinnati, OH",Heritage Bank Center,,8507.0,ESPN2,Rick Crawford,Ron Groover,Chance Moore
401813377,Final,Niagara Purple Eagles,315,,2-3,42,Duke Blue Devils,150,5.0,6-0,100,,False,0,False,False,False,Brotherhood Run,2025-11-21,04:00 PM PST,"Durham, NC",Cameron Indoor Stadium,,9314.0,ACC Network,Lee Cassell,Isaac Barnett,Kellen Miliner
401823638,Final,Wake Forest Demon Deacons,154,,4-2,69,Memphis Tigers,235,,1-4,68,,True,0,False,True,False,Baha Mar Championship - Consolation Game,2025-11-21,04:00 PM PST,"Nassau, Bahamas",Baha Mar Convention Center,,0.0,CBSSN,Bret Smith,Tyler Kumpf,Chris Merlo
401817457,Final,Arkansas State Red Wolves,2032,,3-3,69,SMU Mustangs,2567,,6-0,100,,False,0,False,False,False,,2025-11-21,06:00 PM PST,"Dallas, TX",Moody Coliseum (Dallas),,4502.0,ACC Network,Pat Driscoll,Tony Chiazza,Jeff  Pon
401817223,Final,Sacramento State Hornets,16,,3-4,67,California Golden Bears,25,,5-1,91,,False,0,False,False,False,Empire Classic - Campus Game,2025-11-21,07:00 PM PST,"Berkeley, CA",Haas Pavilion,,4295.0,ACC Extra,Lamar Simpson,Michael Greenstein,Tony Henderson
401817468,Final,Seattle U Redhawks,2547,,4-1,77,Stanford Cardinal,24,,4-1,69,,True,0,False,False,False,,2025-11-21,07:00 PM PST,"Stanford, CA",Maples Pavilion,,2884.0,ACC Extra,Marques Pettigrew,Michael Palau,
401809418,Final,Delaware State Hornets,2169,,2-5,41,Miami Hurricanes,2390,,5-1,97,,False,0,False,False,False,,2025-11-23,10:00 AM PST,"Coral Gables, FL",Watsco Center,,4126.0,ACC Extra,Bert Smith,Tony Padilla,Michael Kitts
401831230,Final,Clemson Tigers,228,,6-1,97,Georgia Bulldogs,61,,6-1,94,,True,1,False,True,False,Shriners Children's Charleston Classic - Palmetto Bracket,2025-11-23,10:00 AM PST,"Charleston, SC",TD Arena,,0.0,ESPN,Pat Adams,Courtney Green,Tommy Morrissey
401817491,Final,Butler Bulldogs,2086,,5-1,80,Virginia Cavaliers,258,,5-1,73,,True,0,False,True,False,Greenbrier Tip-Off - Mountain Division,2025-11-23,11:00 AM PST,"White Sulphur Springs, WV",Colonial Hall,,1209.0,CBSSN,Tim Clougherty,Tim Comer,A.J. Desai
401825386,Final,West Georgia Wolves,2698,,4-3,66,Georgia Tech Yellow Jackets,59,,5-1,82,,False,0,False,False,False,,2025-11-23,11:00 AM PST,"Atlanta, GA",McCamish Pavilion,,4772.0,ACC Extra,Ron Groover,Kellen Miliner,Connor Penn
401817233,Final,Howard Bison,47,,3-4,56,Duke Blue Devils,150,5.0,7-0,93,,False,0,False,False,False,Brotherhood Run,2025-11-23,01:00 PM PST,"Durham, NC",Cameron Indoor Stadium,,9314.0,ACC Network,Roger Ayers,Clarence Armstrong,Adam Flore
401817446,Final,Quinnipiac Bobcats,2514,,4-2,83,Pittsburgh Panthers,221,,4-3,75,,True,0,False,False,False,Skyscanner Legends Classic,2025-11-23,02:00 PM PST,"Pittsburgh, PA",Petersen Events Center,,4721.0,ACC Extra,Lee Cassell,Jemel Spearman,Anthony Eades
401831228,Final,Tulane Green Wave,2655,,4-2,93,Boston College Eagles,103,,3-4,90,,True,1,False,True,False,Shriners Children's Charleston Classic - Lowcountry Bracket,2025-11-23,03:30 PM PST,"Charleston, SC",TD Arena,,0.0,ESPN2,Mark Schnur,Bharat Ramnanan,Luke Schumer
401819826,Final,Creighton Bluejays,156,,3-2,74,Baylor Bears,239,,4-0,81,,False,0,False,True,False,Players Era Festival,2025-11-24,11:00 AM PST,"Las Vegas, NV",Michelob ULTRA Arena,,0.0,truTV,Pat Driscoll,Bret Smith,Clarence Armstrong
401817256,Final,Seton Hall Pirates,2550,,6-0,85,NC State Wolfpack,152,23.0,4-1,74,,True,0,False,True,False,Southwest Maui Invitational,2025-11-24,11:30 AM PST,"Maui, HI",Lahaina Civic Center,,2400.0,ESPN2,Michael Greenstein,Jeff Anderson,Chris Pacsi
401817436,Final,Notre Dame Fighting Irish,87,,4-2,61,Kansas Jayhawks,2305,,4-2,71,-5.5,False,0,False,True,False,Players Era Festival,2025-11-24,12:30 PM PST,"Las Vegas, NV",MGM Grand Garden Arena,,4628.0,TNT,Lee Cassell,Olandis Poole,Chance Moore
401817481,Final,Syracuse Orange,183,,4-1,74,Houston Cougars,248,3.0,6-0,78,,False,1,False,True,False,Players Era Festival,2025-11-24,03:00 PM PST,"Las Vegas, NV",MGM Grand Garden Arena,,4628.0,TNT,Jeb Hartness,Tommy Morrissey,Tommy Johnson
401817244,Final,Eastern Michigan Eagles,2199,,3-3,46,Louisville Cardinals,97,6.0,6-0,87,OFF,False,0,False,False,False,,2025-11-24,04:00 PM PST,"Louisville, KY",KFC Yum! Center,,13832.0,ACC Network,Mark Schnur,Roger Ayers,Chase Shaw
401817458,Final,Radford Highlanders,2515,,2-6,72,SMU Mustangs,2567,,7-0,89,OFF,False,0,False,False,False,,2025-11-24,05:00 PM PST,"Dallas, TX",Moody Coliseum (Dallas),,4421.0,ACC Extra,Bert Smith,Tony Padilla,Ryan Sassano
401823764,Final,San Diego State Aztecs,21,,2-2,54,Michigan Wolverines,130,7.0,5-0,94,-6.5,False,0,False,True,False,Players Era Festival,2025-11-24,07:30 PM PST,"Las Vegas, NV",Michelob ULTRA Arena,,0.0,truTV,Brian  O'Connell,Kelly Pfeifer,Lucas Santos
401817437,Final,Rutgers Scarlet Knights,164,,4-3,63,Notre Dame Fighting Irish,87,,5-2,68,-6.5,False,0,False,True,False,Players Era Festival,2025-11-25,10:00 AM PST,"Las Vegas, NV",MGM Grand Garden Arena,,0.0,TNT,Paul Szelc,Isaac Barnett,Lucas Santos
401831198,Final,NC State Wolfpack,152,23.0,5-1,81,Boise State Broncos,68,,4-3,70,+6.5,True,0,False,True,False,Southwest Maui Invitational,2025-11-25,11:30 AM PST,"Maui, HI",Lahaina Civic Center,,2400.0,ESPN2,Lamar Simpson,Rob Rorke,John Floyd
401817482,Final,Syracuse Orange,183,,4-2,60,Kansas Jayhawks,2305,,5-2,71,-4.5,False,0,False,True,False,Players Era Festival,2025-11-25,12:30 PM PST,"Las Vegas, NV",MGM Grand Garden Arena,,0.0,TNT,Gregory Nixon,Clarence Armstrong,Kelly Pfeifer
401819827,Final,St. John's Red Storm,2599,14.0,4-2,96,Baylor Bears,239,,4-1,81,+5.5,True,0,False,True,False,Players Era Festival,2025-11-25,01:30 PM PST,"Las Vegas, NV",Michelob ULTRA Arena,,2807.0,truTV,Verne Harris,Brian  O'Connell,Tommy Johnson
401817198,Final,St. Bonaventure Bonnies,179,,5-1,70,North Carolina Tar Heels,153,16.0,6-0,85,-10.5,False,0,False,True,False,Fort Myers Tip-Off - Beach Division,2025-11-25,03:00 PM PST,"Fort Myers, FL",Suncoast Credit Union Arena,,3500.0,FS1,Roger Ayers,Ryan Sassano,Chase Shaw
401813401,Final,Mount St. Mary's Mountaineers,116,,1-6,60,Ohio State Buckeyes,194,,6-0,113,-30.5,False,0,False,False,False,,2025-11-25,03:30 PM PST,"Columbus, OH",Value City Arena,,10140.0,BTN,Larry Scirotto,Tim Comer,Brian McNutt
401817532,Final,Campbell Fighting Camels,2097,,3-4,51,Wake Forest Demon Deacons,154,,5-2,99,OFF,False,0,False,False,False,,2025-11-25,04:00 PM PST,"Winston-Salem, NC",LJVM Coliseum,,6049.0,ACC Extra,Ron Groover,Jeff  Pon,Michael Kitts
401823735,Final,Cal State Bakersfield Roadrunners,2934,,3-4,59,Florida State Seminoles,52,,5-1,89,-26.5,False,0,False,False,False,,2025-11-25,04:00 PM PST,"Tallahassee, FL",Tucker Center,,3567.0,ACC Extra,Tony Padilla,J.W. Lucas,Trey Styons
401823479,Final,Auburn Tigers,2,21.0,5-2,72,Michigan Wolverines,130,7.0,6-0,102,-4.5,False,0,False,True,False,Players Era Festival,2025-11-25,05:30 PM PST,"Las Vegas, NV",Michelob ULTRA Arena,,3837.0,TNT,Don Daily,Bret Smith,Keith Kimble
401813762,Final,UCLA Bruins,26,18.0,5-2,72,California Golden Bears,25,,6-1,80,+7.5,False,0,False,True,False,Mizzen+Main Empire Classic,2025-11-25,07:00 PM PST,"San Francisco, CA",Chase Center,,7293.0,ESPN,Mike Reed,Rob Kueneman,Nate Harris
401831216,Final,Syracuse Orange,183,,4-3,64,Iowa State Cyclones,66,15.0,7-0,95,-10.5,False,0,False,True,False,Players Era Festival,2025-11-26,10:00 AM PST,"Las Vegas, NV",MGM Grand Garden Arena,,1629.0,TNT,Clarence Armstrong,Greg Evans,Tommy Johnson
401831217,Final,Notre Dame Fighting Irish,87,,5-3,56,Houston Cougars,248,3.0,7-1,66,-11.5,False,0,False,True,False,Players Era Festival,2025-11-26,12:30 PM PST,"Las Vegas, NV",MGM Grand Garden Arena,,1629.0,TNT,Lee Cassell,Bret Smith,Lucas Santos
401812606,Final,Harvard Crimson,108,,4-4,60,Boston College Eagles,103,,4-4,73,-7.5,False,0,False,False,False,,2025-11-26,01:00 PM PST,"Chestnut Hill, MA",Conte Forum,,4439.0,ACC Extra,Roger Ayers,Justin Porterfield,Jemel Spearman
401817522,Final,Virginia Tech Hokies,259,,6-0,66,Colorado State Rams,36,,4-2,64,+4.5,True,0,False,True,False,Marriott Bonvoy Battle 4 Atlantis,2025-11-26,02:00 PM PST,"Nassau, Bahamas",Imperial Arena,,1081.0,ESPNU,Mike Roberts,Bert Smith,Gary Maxwell
401817245,Final,NJIT Highlanders,2885,,3-5,47,Louisville Cardinals,97,6.0,7-0,104,-44.5,False,0,False,False,False,,2025-11-26,06:00 PM PST,"Louisville, KY",KFC Yum! Center,,13825.0,ACC Network,Ron Groover,Courtney Green,Jeff  Pon
401831202,Final,NC State Wolfpack,152,23.0,5-2,97,Texas Longhorns,251,,6-2,102,+1.5,False,0,False,True,False,Southwest Maui Invitational - 5th Place Game,2025-11-26,06:30 PM PST,"Maui, HI",Lahaina Civic Center,,2400.0,ESPN2,Tony Henderson,Marques Pettigrew,Rob Rorke
401831214,Final,Gonzaga Bulldogs,2250,12.0,7-1,61,Michigan Wolverines,130,7.0,7-0,101,+3.5,False,0,False,True,False,Players Era Festival - Championship,2025-11-26,06:30 PM PST,"Las Vegas, NV",MGM Grand Garden Arena,,3947.0,TNT,Jeb Hartness,Gregory Nixon,Keith Kimble
401831219,Final,Baylor Bears,239,,5-1,91,San Diego State Aztecs,21,,3-3,81,+2.5,True,0,False,True,False,Players Era Festival,2025-11-26,07:30 PM PST,"Las Vegas, NV",Michelob ULTRA Arena,,0.0,truTV,Randy  McCall,Verne Harris,Isaac Barnett
401830753,Final,Saint Mary's Gaels,2608,,8-0,77,Virginia Tech Hokies,259,,6-1,66,+5.5,True,0,False,True,False,Marriott Bonvoy Battle 4 Atlantis,2025-11-27,11:30 AM PST,"Nassau, Bahamas",Imperial Arena,,258.0,ESPN,Eric Lewis,Erroll Lewis,Vlad Tadal
401817267,Final,Michigan State Spartans,127,11.0,7-0,74,North Carolina Tar Heels,153,16.0,6-1,58,+1.5,True,0,False,True,False,Fort Myers Tip-Off - Beach Division,2025-11-27,01:30 PM PST,"Fort Myers, FL",Suncoast Credit Union Arena,,3500.0,FOX,Brian Dorsey,Roger Ayers,Randy Richardson
401809419,Final,BYU Cougars,252,9.0,5-1,72,Miami Hurricanes,2390,,5-2,62,+7.5,True,0,False,True,False,Terry's Chocolate ESPN Events Invitational - Magic Bracket,2025-11-27,02:00 PM PST,"Kissimmee, FL",State Farm Field House,,4267.0,ESPN,Sean Hull,A.J. Desai,Doug Sirmons
401817234,Final,Duke Blue Devils,150,4.0,8-0,80,Arkansas Razorbacks,8,22.0,5-2,71,+12.5,True,0,False,True,False,CBS Sports Thanksgiving Classic,2025-11-27,05:00 PM PST,"Chicago, IL",United Center,,10766.0,CBS,Ron Groover,Steven Anderson,Courtney Green
401817469,Final,Stanford Cardinal,24,,5-1,72,Minnesota Golden Gophers,135,,4-3,68,+2.5,True,0,False,True,False,Acrisure Invitational,2025-11-27,06:30 PM PST,"Palm Springs, CA",Acrisure Arena,,0.0,CBSSN,William Covington,Bart Lenox,Matt Rafferty
401830878,Final,Virginia Tech Hokies,259,,6-2,68,VCU Rams,2670,,5-3,86,-2.5,False,0,False,True,False,Marriott Bonvoy Battle 4 Atlantis - 3rd Place Game,2025-11-28,07:30 AM PST,"Nassau, Bahamas",Imperial Arena,,485.0,ESPN2,Mike Roberts,Eric Lewis,Vlad Tadal
401817533,Final,Northeastern Huskies,111,,3-4,73,Wake Forest Demon Deacons,154,,6-2,86,-17.5,False,0,False,False,False,,2025-11-28,09:00 AM PST,"Winston-Salem, NC",LJVM Coliseum,,6853.0,ACC Extra,Jeremy Mosier,Anthony Eades,Leslie Jones
401817492,Final,Queens University Royals,2511,,3-5,69,Virginia Cavaliers,258,,6-1,94,-25.5,False,0,False,False,False,,2025-11-28,01:00 PM PST,"Charlottesville, VA",John Paul Jones Arena,,11639.0,ACC Extra,Lamar Simpson,J.W. Lucas,Ben Stirt
401826710,Final,Texas A&M Aggies,245,,6-2,95,Florida State Seminoles,52,,5-2,59,OFF,True,0,False,True,False,,2025-11-28,02:00 PM PST,"Tampa, FL",Benchmark International Arena,,4598.0,ESPN2,Pat Driscoll,Brian  O'Connell,Byron Jarrett
401817447,Final,Ohio State Buckeyes,194,,6-1,66,Pittsburgh Panthers,221,,5-3,67,OFF,False,0,False,False,False,,2025-11-28,04:00 PM PST,"Pittsburgh, PA",Petersen Events Center,,6299.0,ESPN2,Ron Groover,Roger Ayers,Tommy Morrissey
401817459,Final,SMU Mustangs,2567,,8-0,87,Mississippi State Bulldogs,344,,3-4,81,-1.5,True,1,False,False,False,,2025-11-28,04:00 PM PST,"Starkville, MS",Humphrey Coliseum,,7810.0,SECN+,Chuck Jones,Courtney Green,Jemel Spearman
401825573,Final,Georgia Tech Yellow Jackets,59,,5-2,61,DePaul Blue Demons,305,,5-2,75,-1.5,False,0,False,True,False,Emerald Coast Classic,2025-11-28,04:00 PM PST,"Destin, FL",Raider Arena,,1200.0,CBSSN,John Gaffney,Tony Henderson,0
401827173,Final,Alabama A&M Bulldogs,2010,,3-2,56,Clemson Tigers,228,,7-1,92,-27.5,False,0,False,False,False,,2025-11-28,04:00 PM PST,"Clemson, SC",Littlejohn Coliseum,,6118.0,ACC Extra,Tyler Kumpf,Michael Kitts,Clare Aubry
401830750,Final,Stanford Cardinal,24,,6-1,78,Saint Louis Billikens,139,,6-1,77,-1.5,True,0,False,True,False,Acrisure Invitational - Championship,2025-11-28,04:00 PM PST,"Palm Springs, CA",Acrisure Arena,,0.0,truTV,Shawn Lehigh,Bill Vinovich,Chance Moore
401830887,Final,Miami Hurricanes,2390,,6-2,78,Georgetown Hoyas,46,,5-2,65,+5.5,True,0,False,True,False,Terry's Chocolate ESPN Events Invitational - Magic Bracket - Consolation Game,2025-11-28,04:00 PM PST,"Kissimmee, FL",State Farm Field House,,0.0,ESPN,Sean Hull,Tony Chiazza,Clarence Armstrong
401830884,Final,Georgia Tech Yellow Jackets,59,,5-3,74,Drake Bulldogs,2181,,5-3,84,+4.5,False,0,False,True,False,Emerald Coast Classic - Consolation Game,2025-11-29,01:00 PM PST,"Destin, FL",Raider Arena,,1500.0,,Joe Lindsay,Pat Adams,Tony Henderson
401817470,Final,Portland Pilots,2501,,5-4,72,Stanford Cardinal,24,,7-1,94,-19.5,False,0,False,False,False,,2025-12-01,07:00 PM PST,"Stanford, CA",Maples Pavilion,,2284.0,ACC Extra,Gregory Nixon,Paul Szelc,Kellen Miliner
401806366,Final,Tennessee Volunteers,2633,13.0,7-2,60,Syracuse Orange,183,,5-3,62,+7.5,False,0,False,False,False,ACC/SEC Men's Challenge,2025-12-02,04:00 PM PST,"Syracuse, NY",JMA Wireless Dome,,19657.0,ESPN2,Matt Potter,Clarence Armstrong,Tommy Morrissey
401806367,Final,Texas A&M Aggies,245,,7-2,81,Pittsburgh Panthers,221,,5-4,73,+3.5,True,0,False,False,False,ACC/SEC Men's Challenge,2025-12-02,04:00 PM PST,"Pittsburgh, PA",Petersen Events Center,,4945.0,ESPNU,Lamar Simpson,Bert Smith,Eric Lewis
401806370,Final,Oklahoma Sooners,201,,6-2,86,Wake Forest Demon Deacons,154,,6-3,68,-4.5,True,0,False,False,False,ACC/SEC Men's Challenge,2025-12-02,04:00 PM PST,"Winston-Salem, NC",LJVM Coliseum,,7216.0,ACC Network,Ron Groover,Mark Schnur,Jemel Spearman
401806372,Final,Virginia Tech Hokies,259,,7-2,86,South Carolina Gamecocks,2579,,5-3,83,-2.5,True,1,False,False,False,ACC/SEC Men's Challenge,2025-12-02,04:00 PM PST,"Columbia, SC",Colonial Life Arena,,11420.0,SEC Network,Doug Shows,Bart Lenox,Lucas Santos
401806364,Final,Florida Gators,57,15.0,5-3,66,Duke Blue Devils,150,4.0,9-0,67,-9.5,False,0,False,False,False,ACC/SEC Men's Challenge,2025-12-02,04:30 PM PST,"Durham, NC",Cameron Indoor Stadium,,9314.0,ESPN,Brian  O'Connell,Tony Chiazza,Roger Ayers
401819828,Final,Sacramento State Hornets,16,,4-6,88,Baylor Bears,239,,6-1,110,-29.5,False,0,False,False,False,,2025-12-02,05:00 PM PST,"Waco, TX",Foster Pavilion,,7082.0,ESPN+,Tony Padilla,Antinio Petty,Marques Pettigrew
401806368,Final,Missouri Tigers,142,,8-1,71,Notre Dame Fighting Irish,87,,6-3,76,+1.5,False,0,False,False,False,ACC/SEC Men's Challenge,2025-12-02,06:00 PM PST,"South Bend, IN",Purcell Pavilion,,4980.0,ESPNU,Tim Clougherty,Bill Covington Jr.,Tony Henderson
401806369,Final,Georgia Bulldogs,61,,8-1,107,Florida State Seminoles,52,,5-3,73,-1.5,True,0,False,False,False,ACC/SEC Men's Challenge,2025-12-02,06:00 PM PST,"Tallahassee, FL",Tucker Center,,6677.0,ACC Network,Lee Cassell,Justin Porterfield,A.J. Desai
401806371,Final,Miami Hurricanes,2390,,7-2,75,Ole Miss Rebels,145,,5-3,66,-1.5,True,0,False,False,False,ACC/SEC Men's Challenge,2025-12-02,06:00 PM PST,"Oxford, MS",The Sandy and John Black Pavilion at Ole Miss,,9373.0,SEC Network,Jeb Hartness,Byron Jarrett,Courtney Green
401806365,Final,North Carolina Tar Heels,153,16.0,7-1,67,Kentucky Wildcats,96,18.0,5-3,64,-7.5,True,0,False,False,False,ACC/SEC Men's Challenge,2025-12-02,06:30 PM PST,"Lexington, KY",Rupp Arena,,20029.0,ESPN,Don Daily,Joe Lindsay,K.B. Burdett Jr.
401817224,Final,Utah Utes,254,,6-3,72,California Golden Bears,25,,7-1,79,-7.5,False,0,False,False,False,,2025-12-02,07:00 PM PST,"Berkeley, CA",Haas Pavilion,,2783.0,ACC Extra,Michael Greenstein,Gregory Nixon,Kellen Miliner
401806374,Final,Louisville Cardinals,97,6.0,7-1,80,Arkansas Razorbacks,8,25.0,6-2,89,+1.5,False,0,False,False,False,ACC/SEC Men's Challenge,2025-12-03,04:15 PM PST,"Fayetteville, AR",Bud Walton Arena,,19600.0,ESPN,Doug Shows,Chuck Jones,Owen Shortt
401806376,Final,Clemson Tigers,228,,7-2,84,Alabama Crimson Tide,333,12.0,6-2,90,-8.5,False,0,False,False,False,ACC/SEC Men's Challenge,2025-12-03,04:15 PM PST,"Tuscaloosa, AL",Coleman Coliseum,,13474.0,ESPNU,Don Daily,Jeb Hartness,Byron Jarrett
401806378,Final,LSU Tigers,99,,8-0,78,Boston College Eagles,103,,4-5,69,+7.5,True,1,False,False,False,ACC/SEC Men's Challenge,2025-12-03,04:15 PM PST,"Chestnut Hill, MA",Conte Forum,,4060.0,ACC Network,Lee Cassell,Ron Groover,Tommy Morrissey
401806375,Final,SMU Mustangs,2567,,8-1,69,Vanderbilt Commodores,238,17.0,9-0,88,-10.5,False,0,False,False,False,ACC/SEC Men's Challenge,2025-12-03,06:15 PM PST,"Nashville, TN",Memorial Gymnasium (TN),,7437.0,SEC Network,Steven Anderson,Joe Lindsay,Todd Austin
401806377,Final,Mississippi State Bulldogs,344,,4-4,85,Georgia Tech Yellow Jackets,59,,5-4,73,+1.5,True,0,False,False,False,ACC/SEC Men's Challenge,2025-12-03,06:15 PM PST,"Atlanta, GA",McCamish Pavilion,,4859.0,ACC Network,Bert Smith,Roger Ayers,Clarence Armstrong
401806379,Final,Virginia Cavaliers,258,,7-1,88,Texas Longhorns,251,,6-3,69,-3.5,True,0,False,False,False,ACC/SEC Men's Challenge,2025-12-03,06:15 PM PST,"Austin, TX",Moody Center,,10802.0,ESPNU,Pat Adams,Olandis Poole,K.B. Burdett Jr.
401806373,Final,NC State Wolfpack,152,,5-3,73,Auburn Tigers,2,20.0,7-2,83,-5.5,False,0,False,False,False,ACC/SEC Men's Challenge,2025-12-03,06:25 PM PST,"Auburn, AL",Neville Arena,,9121.0,ESPN,Bart Lenox,Vladimir Voyard-Tadal,Courtney Green
401812254,Final,Notre Dame Fighting Irish,87,,7-3,87,TCU Horned Frogs,2628,,5-3,85,-6.5,True,1,False,False,False,,2025-12-05,05:00 PM PST,"Fort Worth, TX",Schollmaier Arena,,5706.0,ESPN+,Michael Greenstein,Doug Sirmons,Brooks Wells
401809420,Final,Southern Miss Golden Eagles,2572,,5-4,64,Miami Hurricanes,2390,,8-2,88,-19.5,False,0,False,False,False,,2025-12-06,09:00 AM PST,"Coral Gables, FL",Watsco Center,,3907.0,ACC Network,Bill Covington Jr.,Bart Lenox,Trey Styons
401813441,Final,Dayton Flyers,2168,,7-3,73,Virginia Cavaliers,258,,8-1,86,-5.5,False,0,False,True,False,,2025-12-06,09:00 AM PST,"Charlotte, NC",Spectrum Center,,4175.0,ESPN2,Ron Groover,Tony Chiazza,Clarence Armstrong
401817215,Final,New Haven Chargers,2441,,5-5,63,Boston College Eagles,103,,5-5,67,-17.5,False,0,False,False,False,,2025-12-06,09:00 AM PST,"Chestnut Hill, MA",Conte Forum,,4064.0,ACC Extra,Jerry Heater,Tony Henderson,Jeff  Pon
401817235,Final,Duke Blue Devils,150,4.0,10-0,66,Michigan State Spartans,127,7.0,8-1,60,+1.5,True,0,False,False,False,,2025-12-06,09:00 AM PST,"East Lansing, MI",Breslin Center,,14797.0,FOX,Bert Smith,Keith Kimble,Brian Dorsey
401824865,Final,Monmouth Hawks,2405,,5-5,67,Georgia Tech Yellow Jackets,59,,6-4,79,-10.5,False,0,False,False,False,,2025-12-06,09:00 AM PST,"Atlanta, GA",McCamish Pavilion,,4595.0,ACC Extra,Jeff Clark,Lee Cassell,Anthony Eades
401817257,Final,UNC Asheville Bulldogs,2427,,4-5,63,NC State Wolfpack,152,,6-3,75,-28.5,False,0,False,False,False,,2025-12-06,10:00 AM PST,"Raleigh, NC",Lenovo Center,,14862.0,The CW Network,Mark Schnur,Eric Lewis,Isaac Barnett
401825399,Final,Ohio State Buckeyes,194,,7-1,86,Northwestern Wildcats,77,,5-4,82,+1.5,True,0,False,False,False,,2025-12-06,11:00 AM PST,"Evanston, IL",Welsh-Ryan Arena,,5448.0,BTN,James Breeding,Andy  O'Brien,Randy Richardson
401817246,Final,Indiana Hoosiers,84,22.0,7-2,78,Louisville Cardinals,97,6.0,8-1,87,-3.5,False,0,False,True,False,,2025-12-06,11:15 AM PST,"Indianapolis, IN",Gainbridge Fieldhouse,,18777.0,CBS,Antinio Petty,John Floyd,Tommy Morrissey
401817523,Final,George Mason Patriots,2244,,9-1,62,Virginia Tech Hokies,259,,8-2,73,-4.5,False,0,False,False,False,,2025-12-06,12:00 PM PST,"Blacksburg, VA",Cassell Coliseum,,6463.0,ACC Extra,Roger Ayers,Jemel Spearman,Kellen Miliner
401825400,Final,Rutgers Scarlet Knights,164,,5-5,60,Michigan Wolverines,130,3.0,8-0,101,-25.5,False,0,False,False,False,,2025-12-06,01:00 PM PST,"Ann Arbor, MI",Crisler Center,,12707.0,BTN,Tim Comer,Chad Barlow,Jason Phillips
401819829,Final,Baylor Bears,239,,6-2,71,Memphis Tigers,235,,4-4,78,+3.5,False,0,False,False,False,,2025-12-06,01:30 PM PST,"Memphis, TN",FedExForum,,11392.0,CBS,Michael Greenstein,Joe Lindsay,Courtney Green
401817225,Final,Pacific Tigers,279,,7-3,61,California Golden Bears,25,,8-1,67,-7.5,False,0,False,False,False,,2025-12-06,02:00 PM PST,"Berkeley, CA",Haas Pavilion,,2688.0,ACC Extra,Justin Porterfield,A.J. Desai,Chase Shaw
401817534,Final,Wake Forest Demon Deacons,154,,7-3,75,West Virginia Mountaineers,277,,7-3,66,-2.5,True,0,False,True,False,Holiday Hoopfest presented by CharlestonWV.com,2025-12-06,03:00 PM PST,"Charleston, WV",Charleston Coliseum,,10122.0,ESPN2,Shane Staggs,Adam Flore,James Duke
401824813,Final,Florida State Seminoles,52,,5-4,67,Houston Cougars,248,8.0,8-1,82,-12.5,False,0,False,True,False,Houston Hoops Showdown,2025-12-06,05:00 PM PST,"Houston, TX",Toyota Center (Houston),,7121.0,Peacock,Bret Smith,Steven Anderson,Pat Adams
401817448,Final,Hofstra Pride,2275,,6-4,80,Pittsburgh Panthers,221,,5-5,73,-8.5,True,0,False,False,False,,2025-12-07,01:00 PM PST,"Pittsburgh, PA",Petersen Events Center,,4660.0,ACC Network,Pat Driscoll,Evon Burroughs,Jemel Spearman
401817471,Final,UNLV Rebels,2439,,4-5,75,Stanford Cardinal,24,,7-2,74,-9.5,True,0,False,False,False,,2025-12-07,01:00 PM PST,"Stanford, CA",Maples Pavilion,,3981.0,ACC Extra,Justin Porterfield,A.J. Desai,Chase Shaw
401817268,Final,Georgetown Hoyas,46,,6-3,61,North Carolina Tar Heels,153,16.0,8-1,81,-10.5,False,0,False,False,False,,2025-12-07,02:00 PM PST,"Chapel Hill, NC",Dean E. Smith Center,,18583.0,ESPN,Ron Groover,Bert Smith,Roger Ayers
401817460,Final,Texas A&M Aggies,245,,7-3,80,SMU Mustangs,2567,,9-1,93,+1.5,False,1,False,True,False,Hoop Hype XL presented by: Basketball University,2025-12-07,02:00 PM PST,"Arlington, TX",College Park Center,,2800.0,ESPN2,Lee Cassell,Bart Lenox,Vladimir Voyrad-Tadal
401812923,Final,Clemson Tigers,228,,7-3,64,BYU Cougars,252,10.0,8-1,67,-4.5,False,0,False,True,False,Jimmy V Classic presented by Modelo,2025-12-09,03:30 PM PST,"New York, NY",Madison Square Garden,,0.0,ESPN,Kipp Kissinger,Roger Ayers,Courtney Green
401823566,Final,Villanova Wildcats,222,,7-2,61,Michigan Wolverines,130,2.0,9-0,89,-17.5,False,0,False,False,False,,2025-12-09,03:30 PM PST,"Ann Arbor, MI",Crisler Center,,12707.0,FS1,Earl Walton,Brian Dorsey,Steve McJunkins
401817513,Final,Maryland Eastern Shore Hawks,2379,,4-9,60,Virginia Cavaliers,258,24.0,9-1,84,-36.5,False,0,False,False,False,,2025-12-09,04:00 PM PST,"Charlottesville, VA",John Paul Jones Arena,,11117.0,ACC Extra,Justin Porterfield,Tommy Morrissey,Leslie Jones
401825404,Final,Illinois Fighting Illini,356,13.0,8-2,88,Ohio State Buckeyes,194,,7-2,80,+3.5,True,0,False,False,False,,2025-12-09,04:30 PM PST,"Columbus, OH",Value City Arena,,9974.0,Peacock,D.J. Carstensen,Tim Comer,Jeffrey Anderson
401820295,Final,Dominican (CA) Penguins,nd-dominican-ca-penguins,,,71,California Golden Bears,25,,9-1,93,,False,0,False,False,False,,2025-12-09,07:00 PM PST,"Berkeley, CA",Haas Pavilion,,1844.0,ACC Extra,A.J. Desai,Chase Shaw,Tommy Johnson
401819830,Final,Norfolk State Spartans,2450,,4-7,67,Baylor Bears,239,,7-2,97,-26.5,False,0,False,False,False,,2025-12-10,09:00 AM PST,"Waco, TX",Foster Pavilion,,4584.0,ESPN+,Randy  McCall,Bret Smith,Keith Patterson
401817216,Final,Massachusetts Minutemen,113,,7-3,76,Boston College Eagles,103,,5-6,74,-1.5,True,0,False,True,False,Basketball Hall of Fame Classic,2025-12-10,04:00 PM PST,"Springfield, MA",MassMutual Center,,5853.0,ESPNU,Chad Barlow,Mikerlange Fleury,Michael Kitts
401817258,Final,Liberty Flames,2335,,6-3,45,NC State Wolfpack,152,,7-3,85,-12.5,False,0,False,False,False,,2025-12-10,04:00 PM PST,"Raleigh, NC",Lenovo Center,,14515.0,ACC Network,Lee Cassell,Ron Groover,Tony Henderson
401817438,Final,Idaho Vandals,70,,6-4,65,Notre Dame Fighting Irish,87,,8-3,80,-11.5,False,0,False,False,False,,2025-12-10,04:00 PM PST,"South Bend, IN",Purcell Pavilion,,3687.0,ACC Extra,Bert Smith,Roger Ayers,Clare Aubry
401817524,Final,Western Carolina Catamounts,2717,,4-6,74,Virginia Tech Hokies,259,,9-2,96,-20.5,False,0,False,False,False,,2025-12-11,04:00 PM PST,"Blacksburg, VA",Cassell Coliseum,,4288.0,ACC Extra,Doug Shows,Lee Cassell,Adam Flore
401817480,Final,Saint Joseph's Hawks,2603,,6-4,63,Syracuse Orange,183,,6-3,71,-11.5,False,0,False,False,False,,2025-12-11,06:00 PM PST,"Syracuse, NY",JMA Wireless Dome,,12584.0,ACC Network,Bill Covington Jr.,Bart Lenox,Eric Lewis
401809421,Final,UL Monroe Warhawks,2433,,3-8,79,Miami Hurricanes,2390,,9-2,104,-35.5,False,0,False,False,False,,2025-12-13,09:00 AM PST,"Coral Gables, FL",Watsco Center,,3751.0,ACC Extra,Jeff Clark,Kellen Miliner,Joe Switzer
401826711,Final,Massachusetts Minutemen,113,,8-3,103,Florida State Seminoles,52,,5-5,95,-12.5,True,0,False,True,False,AutoNation Orange Bowl Classic,2025-12-13,09:00 AM PST,"Sunrise, FL",Amerant Bank Arena,,0.0,ACC Network,Sean Hull,Lee Cassell,Isaac Barnett
401817269,Final,South Carolina Upstate Spartans,2908,,6-6,62,North Carolina Tar Heels,153,14.0,9-1,80,-29.5,False,0,False,False,False,,2025-12-13,11:00 AM PST,"Chapel Hill, NC",Dean E. Smith Center,,17759.0,The CW Network,Mark Schnur,Michael Kitts,Clare Aubry
401817439,Final,Evansville Purple Aces,339,,4-7,58,Notre Dame Fighting Irish,87,,9-3,82,-14.5,False,0,False,False,False,,2025-12-13,11:00 AM PST,"South Bend, IN",Purcell Pavilion,,4323.0,ACC Network,Eric Lewis,Trey Styons,Ryan Sassano
401812924,Final,Mercer Bears,2382,,7-3,63,Clemson Tigers,228,,8-3,70,-22.5,False,0,False,False,False,,2025-12-13,12:00 PM PST,"Clemson, SC",Littlejohn Coliseum,,6129.0,ACC Extra,Bert Smith,Anthony Eades,Ben Stirt
401817247,Final,Memphis Tigers,235,,4-5,73,Louisville Cardinals,97,11.0,9-1,99,-16.5,False,0,False,False,False,,2025-12-13,12:30 PM PST,"Louisville, KY",KFC Yum! Center,,16355.0,ESPN,Ron Groover,Chuck Jones,A.J. Desai
401817483,Final,Hofstra Pride,2275,,8-4,70,Syracuse Orange,183,,6-4,69,-9.5,True,0,False,False,False,,2025-12-13,01:00 PM PST,"Syracuse, NY",JMA Wireless Dome,,13282.0,ACC Network,Justin Porterfield,Tommy Morrissey,Adam Flore
401817449,Final,Pittsburgh Panthers,221,,5-6,61,Villanova Wildcats,222,,8-2,79,-10.5,False,0,False,False,False,,2025-12-13,01:30 PM PST,"Villanova, PA",Finneran Pavilion,,6501.0,truTV,Mike Roberts,John Gaffney,Tony Henderson
401817226,Final,Northwestern State Demons,2466,,2-8,70,California Golden Bears,25,,10-1,79,-19.5,False,0,False,False,False,,2025-12-13,02:00 PM PST,"Berkeley, CA",Haas Pavilion,,2738.0,ACC Extra,Mark Fulton,Matt Rafferty,Randall Wells
401817259,Final,Kansas Jayhawks,2305,19.0,8-3,77,NC State Wolfpack,152,,7-4,76,-1.5,True,1,False,False,False,,2025-12-13,02:30 PM PST,"Raleigh, NC",Lenovo Center,,19119.0,ESPN,Tony Padilla,Roger Ayers,Clarence Armstrong
401817472,Final,Stanford Cardinal,24,,8-2,86,San Jos State Spartans,23,,5-6,82,+8.5,True,0,False,False,False,,2025-12-13,04:00 PM PST,"San Jose, CA",Provident Credit Union Event Center,,2745.0,CBSSN,Mark Riggs,Daniel Nguyen,Alex Landis
401819921,Final,West Virginia Mountaineers,277,,8-4,88,Ohio State Buckeyes,194,,8-2,89,-3.5,False,2,False,True,False,Cleveland Hoops Showdown,2025-12-13,05:00 PM PST,"Cleveland, OH",Rocket Arena,,6465.0,ESPNU,Michael Greenstein,Brian Dorsey,Tommy Johnson
401825408,Final,Michigan Wolverines,130,2.0,10-0,101,Maryland Terrapins,120,,6-5,83,+19.5,True,0,False,False,False,,2025-12-13,05:00 PM PST,"College Park, MD",XFINITY Center,,16675.0,FOX,Kevin Brill,D.J. Carstensen,Andy  O'Brien
401817461,Final,SMU Mustangs,2567,,9-2,77,LSU Tigers,99,,9-1,89,-1.5,False,0,False,True,False,Compete 4 Cause Classic,2025-12-13,05:30 PM PST,"New Orleans, LA",Smoothie King Center,,0.0,SEC Network,Jerry Heater,William Covington,Steven Anderson
401817525,Final,Maryland Eastern Shore Hawks,2379,,4-11,53,Virginia Tech Hokies,259,,10-2,82,-27.5,False,0,False,False,False,,2025-12-14,09:00 AM PST,"Blacksburg, VA",Cassell Coliseum,,4317.0,ACC Extra,Ron Groover,A.J. Desai,Anthony Eades
401817535,Final,Queens University Royals,2511,,5-6,73,Wake Forest Demon Deacons,154,,8-3,111,-18.5,False,0,False,False,False,,2025-12-14,02:00 PM PST,"Winston-Salem, NC",LJVM Coliseum,,6355.0,ACC Extra,Bert Smith,Tony Padilla,Michael Kitts
401817236,Final,Lipscomb Bisons,288,,6-5,73,Duke Blue Devils,150,3.0,11-0,97,-32.5,False,0,False,False,False,,2025-12-16,03:00 PM PST,"Durham, NC",Cameron Indoor Stadium,,9314.0,ACC Network,Justin Porterfield,Eric Lewis,Jeff  Pon
401809422,Final,Florida International Panthers,2229,,5-4,81,Miami Hurricanes,2390,,10-2,98,-22.5,False,0,False,False,False,,2025-12-16,04:00 PM PST,"Coral Gables, FL",Watsco Center,,4930.0,ACC Extra,Mark Schnur,A.J. Desai,Trey Styons
401812925,Final,South Carolina Gamecocks,2579,,7-4,61,Clemson Tigers,228,,9-3,68,-12.5,False,0,False,False,False,,2025-12-16,04:00 PM PST,"Clemson, SC",Littlejohn Coliseum,,9000.0,ESPN2,Brian  O'Connell,Ron Groover,Joe Lindsay
401813443,Final,Florida State Seminoles,52,,5-6,69,Dayton Flyers,2168,,9-3,97,-6.5,False,0,False,False,False,,2025-12-16,04:00 PM PST,"Dayton, OH",UD Arena,,13407.0,CBSSN,Bert Smith,James Breeding,Tony Henderson
401817248,Final,Louisville Cardinals,97,11.0,9-2,62,Tennessee Volunteers,2633,20.0,8-3,83,-4.5,False,0,False,False,False,,2025-12-16,04:00 PM PST,"Knoxville, TN",Food City Center,,21678.0,ESPN,Doug Shows,William Covington,Pat Adams
401813326,Final,Marist Red Foxes,2368,,7-3,76,Georgia Tech Yellow Jackets,59,,7-4,87,-6.5,False,0,False,False,False,,2025-12-16,04:30 PM PST,"Atlanta, GA",McCamish Pavilion,,5674.0,ACC Extra,Jeff Clark,Jeb Hartness,Ryan Sassano
401817270,Final,East Tennessee State Buccaneers,2193,,8-4,58,North Carolina Tar Heels,153,12.0,10-1,77,-17.5,False,0,False,False,False,,2025-12-16,05:00 PM PST,"Chapel Hill, NC",Dean E. Smith Center,,16548.0,ACC Network,Pat Driscoll,Jerry Heater,Chase Shaw
401817260,Final,Texas Southern Tigers,2640,,1-8,72,NC State Wolfpack,152,,8-4,108,-34.5,False,0,False,False,False,,2025-12-17,04:00 PM PST,"Raleigh, NC",Reynolds Coliseum,,5500.0,ACC Extra,Bert Smith,Tommy Morrissey,Ryan Sassano
401817450,Final,Binghamton Bearcats,2066,,3-9,63,Pittsburgh Panthers,221,,6-6,103,-24.5,False,0,False,False,False,,2025-12-17,04:00 PM PST,"Pittsburgh, PA",Petersen Events Center,,4687.0,ACC Extra,Eric Lewis,Isaac Barnett,Chase Shaw
401817484,Final,Mercyhurst Lakers,2385,,4-8,62,Syracuse Orange,183,,7-4,76,-24.5,False,0,False,False,False,,2025-12-17,04:00 PM PST,"Syracuse, NY",JMA Wireless Dome,,12258.0,ACC Extra,Tim Clougherty,Roger Ayers,Anthony Eades
401817536,Final,Longwood Lancers,2344,,6-7,68,Wake Forest Demon Deacons,154,,9-3,71,-24.5,False,0,False,False,False,,2025-12-17,04:00 PM PST,"Winston-Salem, NC",LJVM Coliseum,,6172.0,ACC Extra,Justin Porterfield,Matt Potter,Vladimir Voyard-Tadal
401817473,Final,UT Arlington Mavericks,250,,7-4,60,Stanford Cardinal,24,,9-2,76,-10.5,False,0,False,False,False,,2025-12-17,07:00 PM PST,"Stanford, CA",Maples Pavilion,,2424.0,ACC Extra,Clarence Armstrong,Jemel Spearman,Clare Aubry
401826712,Final,Mississippi Valley State Delta Devils,2400,,1-11,49,Florida State Seminoles,52,,6-6,96,-40.5,False,0,False,False,False,,2025-12-19,04:00 PM PST,"Tallahassee, FL",Tucker Center,,3692.0,ACC Extra,Tim Clougherty,Bill Covington Jr.,Ben Stirt
401819831,Final,Alcorn State Braves,2016,,1-10,56,Baylor Bears,239,,8-2,113,-35.5,False,0,False,False,False,,2025-12-19,05:00 PM PST,"Waco, TX",Foster Pavilion,,7019.0,ESPN+,Ron Groover,Kipp Kissinger,Doug Sirmons
401813282,Final,Morgan State Bears,2415,,2-9,50,California Golden Bears,25,,11-1,97,-26.5,False,0,False,False,False,,2025-12-19,07:00 PM PST,"Berkeley, CA",Haas Pavilion,,1894.0,ACC Extra,Clarence Armstrong,Jemel Spearman,Clare Aubry
401817249,Final,Montana Grizzlies,149,,6-7,54,Louisville Cardinals,97,11.0,10-2,94,-30.5,False,0,False,False,False,,2025-12-20,09:00 AM PST,"Louisville, KY",KFC Yum! Center,,14076.0,ACC Extra,Tony Chiazza,Tony Henderson,Tommy Morrissey
401817526,Final,Elon Phoenix,2210,,7-5,81,Virginia Tech Hokies,259,,11-2,82,-12.5,False,1,False,False,False,,2025-12-20,11:00 AM PST,"Blacksburg, VA",Cassell Coliseum,,4380.0,ACC Extra,Sean Hull,Jerry Heater,Ryan Sassano
401826755,Final,Lafayette Leopards,322,,3-10,81,Georgia Tech Yellow Jackets,59,,8-4,95,-16.5,False,0,False,False,False,,2025-12-20,11:00 AM PST,"Atlanta, GA",McCamish Pavilion,,4987.0,ACC Extra,Justin Porterfield,A.J. Desai,Anthony Eades
401809307,Final,North Carolina Tar Heels,153,12.0,11-1,71,Ohio State Buckeyes,194,,8-3,70,+2.5,True,0,False,True,False,CBS Sports Classic,2025-12-20,12:26 PM PST,"Atlanta, GA",State Farm Arena,,16951.0,CBS/Paramount+,Doug Shows,Roger Ayers,Kelly Pfeifer
401817485,Final,Northeastern Huskies,111,,4-6,83,Syracuse Orange,183,,8-4,91,-14.5,False,0,False,False,False,,2025-12-20,01:00 PM PST,"Syracuse, NY",JMA Wireless Dome,,13273.0,ACC Extra,Jeff Clark,Eric Lewis,Trey Styons
401817514,Final,Maryland Terrapins,120,,6-6,72,Virginia Cavaliers,258,23.0,10-1,80,-16.5,False,0,False,False,False,,2025-12-20,03:00 PM PST,"Charlottesville, VA",John Paul Jones Arena,,12671.0,ESPN,Lee Cassell,Ron Groover,James Breeding
401817474,Final,Stanford Cardinal,24,,10-2,77,Colorado Buffaloes,38,,10-2,68,-2.5,True,0,False,True,False,Hall of Fame Series - Phoenix,2025-12-20,05:00 PM PST,"Phoenix, AZ",Mortgage Matchup Center,,10567.0,ESPNU,Tony Padilla,Mike Reed,Jemel Spearman
401817237,Final,Texas Tech Red Raiders,2641,19.0,9-3,82,Duke Blue Devils,150,3.0,11-1,81,-9.5,True,0,False,True,False,,2025-12-20,05:10 PM PST,"New York, NY",Madison Square Garden,,19812.0,ESPN,Bert Smith,Chuck Jones,Chance Moore
401817451,Final,Pittsburgh Panthers,221,,7-6,80,Penn State Nittany Lions,213,,8-4,46,-1.5,True,0,False,True,False,,2025-12-21,09:00 AM PST,"Hershey, PA",Giant Center,,8191.0,BTN,Bert Smith,Keith Kimble,Paul Szelc
401817261,Final,Ole Miss Rebels,145,,7-5,62,NC State Wolfpack,152,,9-4,76,-7.5,False,0,False,True,False,,2025-12-21,10:00 AM PST,"Greensboro, NC",First Horizon Coliseum,,212.0,ESPN,Ron Groover,James Breeding,Bart Lenox
401817537,Final,Vanderbilt Commodores,238,13.0,12-0,98,Wake Forest Demon Deacons,154,,9-4,67,+5.5,True,0,False,False,False,,2025-12-21,10:00 AM PST,"Winston-Salem, NC",LJVM Coliseum,,7605.0,The CW Network,Lee Cassell,A.J. Desai,K.B. Burdett
401819832,Final,Southern Jaguars,2582,,4-8,67,Baylor Bears,239,,9-2,111,-26.5,False,0,False,False,False,,2025-12-21,10:00 AM PST,"Waco, TX",Foster Pavilion,,7065.0,TNT/truTV,Darron George,Justin Shamion,John Jenkins Jr.
401817440,Final,Purdue Fort Wayne Mastodons,2870,,8-6,72,Notre Dame Fighting Irish,87,,9-4,69,-11.5,True,0,False,False,False,,2025-12-21,11:00 AM PST,"South Bend, IN",Purcell Pavilion,,5366.0,ACC Extra,Justin Porterfield,Tony Henderson,Greg Evans
401817462,Final,Central Arkansas Bears,2110,,5-8,82,SMU Mustangs,2567,,10-2,99,-24.5,False,0,False,False,False,,2025-12-21,11:00 AM PST,"Dallas, TX",Moody Coliseum (Dallas),,4634.0,ACC Extra,Tony Chiazza,Tommy Morrissey,Joe Switzer
401812926,Final,Cincinnati Bearcats,2132,,7-5,65,Clemson Tigers,228,,10-3,68,-3.5,False,0,False,True,False,Greenville Winter Invitational,2025-12-21,12:10 PM PST,"Greenville, SC",Bon Secours Wellness Arena,,4065.0,ESPN,Roger Ayers,Courtney Green,Chris Merlo
401809423,Final,North Florida Ospreys,2454,,2-10,67,Miami Hurricanes,2390,,11-2,105,-37.5,False,0,False,False,False,,2025-12-21,01:00 PM PST,"Coral Gables, FL",Watsco Center,,3862.0,ACC Network,Tim Clougherty,Bill Covington Jr.,Ben Stirt
401822185,Final,La Salle Explorers,2325,,4-9,50,Michigan Wolverines,130,2.0,11-0,102,-40.5,False,0,False,False,False,,2025-12-21,01:00 PM PST,"Ann Arbor, MI",Crisler Center,,12707.0,Peacock,Michael Irving,Gerald Williams,Andy  O'Brien
401817227,Final,Columbia Lions,171,,9-3,56,California Golden Bears,25,,12-1,74,-8.5,False,0,False,False,False,,2025-12-21,02:00 PM PST,"Berkeley, CA",Haas Pavilion,,3283.0,ACC Extra,Deron White,Jason Garretson,De Selle Dean
401817515,Final,American University Eagles,44,,7-6,51,Virginia Cavaliers,258,21.0,11-1,95,-27.5,False,0,False,False,False,,2025-12-22,03:00 PM PST,"Charlottesville, VA",John Paul Jones Arena,,12295.0,ACC Network,Roger Ayers,Tony Henderson,Leslie Jones
401812313,Final,Fairleigh Dickinson Knights,161,,3-9,61,Boston College Eagles,103,,6-6,72,-16.5,False,0,False,False,False,,2025-12-22,04:00 PM PST,"Chestnut Hill, MA",Conte Forum,,2833.0,ACC Extra,Bert Smith,Eric Lewis,Isaac Barnett
401817486,Final,Stonehill Skyhawks,284,,3-10,48,Syracuse Orange,183,,9-4,77,-22.5,False,0,False,False,False,,2025-12-22,04:00 PM PST,"Syracuse, NY",JMA Wireless Dome,,12742.0,ACC Extra,Lee Cassell,Tommy Morrissey,Michael Kitts
401823350,Final,Jacksonville Dolphins,294,,5-8,63,Florida State Seminoles,52,,7-6,87,-23.5,False,0,False,False,False,,2025-12-22,04:00 PM PST,"Tallahassee, FL",Tucker Center,,4077.0,ACC Extra,Mark Schnur,Justin Porterfield,A.J. Desai
401817271,Final,East Carolina Pirates,151,,5-8,51,North Carolina Tar Heels,153,12.0,12-1,99,-25.5,False,0,False,False,False,,2025-12-22,05:00 PM PST,"Chapel Hill, NC",Dean E. Smith Center,,20479.0,ACC Network,Ron Groover,Tony Chiazza,Bill Covington Jr.
401827093,Final,Grambling Tigers,2755,,5-7,63,Ohio State Buckeyes,194,,9-3,89,-28.5,False,0,False,False,False,,2025-12-23,11:00 AM PST,"Columbus, OH",Value City Arena,,10697.0,BTN,Michael Irving,D.J. Carstensen,Keith Kimble
401817475,Final,Cal State Northridge Matadors,2463,,8-6,80,Stanford Cardinal,24,,11-2,88,-15.5,False,0,False,False,False,,2025-12-27,05:00 PM PST,"Stanford, CA",Maples Pavilion,,3033.0,ACC Extra,Michael Greenstein,Tony Padilla,Mark Fulton
401817217,Final,Le Moyne Dolphins,2330,,5-8,64,Boston College Eagles,103,,7-6,72,-12.5,False,0,False,False,False,,2025-12-28,11:00 AM PST,"Chestnut Hill, MA",Conte Forum,,4768.0,ACC Extra,John Gaffney,Evon Burroughs,Joe Switzer
401826756,Final,Florida A&M Rattlers,50,,3-8,65,Georgia Tech Yellow Jackets,59,,9-4,89,-19.5,False,0,False,False,False,,2025-12-28,11:30 AM PST,"Atlanta, GA",McCamish Pavilion,,5967.0,ACC Extra,Tony Henderson,Kellen Miliner,Leslie Jones
401817463,Final,Cal State Fullerton Titans,2239,,5-9,63,SMU Mustangs,2567,,11-2,110,-21.5,False,0,False,False,False,,2025-12-28,12:00 PM PST,"Dallas, TX",Moody Coliseum (Dallas),,4584.0,ACC Extra,Lee Cassell,Ron Groover,Mark Schnur
401819833,Final,Arlington Baptist Patriots,nd-arlington-baptist-patriots,,,61,Baylor Bears,239,,10-2,124,,False,0,False,False,False,,2025-12-29,01:00 PM PST,"Waco, TX",Foster Pavilion,,7018.0,ESPN+,Randy  McCall,Bert Smith,Gary Maxwell
401826084,Final,McNeese Cowboys,2377,,10-3,71,Michigan Wolverines,130,2.0,12-0,112,-24.5,False,0,False,False,False,,2025-12-29,04:00 PM PST,"Ann Arbor, MI",Crisler Center,,12707.0,B1G+,Paul Szelc,Chad Barlow,Andy  O'Brien
401820637,Final,Pittsburgh Panthers,221,,7-7,69,Miami Hurricanes,2390,,12-2,76,-9.5,False,0,False,False,False,,2025-12-30,04:00 PM PST,"Coral Gables, FL",Watsco Center,,4832.0,ACC Network,Ron Groover,Bert Smith,John Gaffney
401820639,Final,Florida State Seminoles,52,,7-7,66,North Carolina Tar Heels,153,12.0,13-1,79,-12.5,False,0,False,False,False,,2025-12-30,04:00 PM PST,"Chapel Hill, NC",Dean E. Smith Center,,20618.0,ESPN2,Lee Cassell,Kipp Kissinger,Roger Ayers
401820634,Final,Louisville Cardinals,97,16.0,11-2,90,California Golden Bears,25,,12-2,70,+7.5,True,0,False,False,False,,2025-12-30,06:00 PM PST,"Berkeley, CA",Haas Pavilion,,6012.0,ACC Network,Tony Padilla,A.J. Desai,Adam Flore
401820635,Final,Notre Dame Fighting Irish,87,,10-4,47,Stanford Cardinal,24,,11-3,40,-6.5,True,0,False,False,False,,2025-12-30,06:00 PM PST,"Stanford, CA",Maples Pavilion,,3868.0,ESPN2,Marques Pettigrew,Tommy Morrissey,Chase Shaw
401820638,Final,Wake Forest Demon Deacons,154,,9-5,57,NC State Wolfpack,152,,10-4,70,-10.5,False,0,False,False,False,,2025-12-31,09:00 AM PST,"Raleigh, NC",Lenovo Center,,16105.0,ESPN2,Lee Cassell,Kipp Kissinger,Justin Porterfield
401820640,Final,Clemson Tigers,228,,11-3,64,Syracuse Orange,183,,9-5,61,+1.5,True,0,False,False,False,,2025-12-31,11:00 AM PST,"Syracuse, NY",JMA Wireless Dome,,16245.0,ESPN2,Lamar Simpson,Bill Covington Jr.,Eric Lewis
401820641,Final,Virginia Cavaliers,258,21.0,11-2,85,Virginia Tech Hokies,259,,12-2,95,+5.5,False,3,False,False,False,,2025-12-31,11:00 AM PST,"Blacksburg, VA",Cassell Coliseum,,8925.0,ACC Network,Clarence Armstrong,Doug Sirmons,Jemel Spearman
401820636,Final,Georgia Tech Yellow Jackets,59,,9-5,79,Duke Blue Devils,150,6.0,12-1,85,-27.5,False,0,False,False,False,,2025-12-31,01:00 PM PST,"Durham, NC",Cameron Indoor Stadium,,9314.0,ACC Network,Ron Groover,Bert Smith,Paul Szelc
401825411,Final,USC Trojans,30,24.0,12-2,66,Michigan Wolverines,130,2.0,13-0,96,-22.5,False,0,False,False,False,,2026-01-02,04:00 PM PST,"Ann Arbor, MI",Crisler Center,,12707.0,Peacock,Mike Littlewood,Keith Kimble,Kelly Pfeifer
401820643,Final,Louisville Cardinals,97,16.0,11-3,76,Stanford Cardinal,24,,12-3,80,+7.5,False,0,False,False,False,,2026-01-02,05:00 PM PST,"Stanford, CA",Maples Pavilion,,4172.0,ACC Network,Sean Hull,Michael Irving,Chase Shaw
401825413,Final,Ohio State Buckeyes,194,,10-3,80,Rutgers Scarlet Knights,164,,7-7,73,+9.5,True,0,False,False,False,,2026-01-02,05:00 PM PST,"Piscataway, NJ",Jersey Mikes Arena,,8000.0,Peacock,Larry Scirotto,Brian Dorsey,Michael Redd
401820642,Final,Notre Dame Fighting Irish,87,,10-5,71,California Golden Bears,25,,13-2,72,-3.5,False,0,False,False,False,,2026-01-02,08:00 PM PST,"Berkeley, CA",Haas Pavilion,,5158.0,ESPN2,Rick Crawford,Tommy Morrissey,Adam Flore
401820646,Final,Virginia Cavaliers,258,21.0,12-2,76,NC State Wolfpack,152,,10-5,61,-4.5,True,0,False,False,False,,2026-01-03,08:00 AM PST,"Raleigh, NC",Lenovo Center,,16144.0,ESPN2,Ron Groover,Mark Schnur,Tony Henderson
401820647,Final,Clemson Tigers,228,,12-3,73,Pittsburgh Panthers,221,,7-8,68,+3.5,True,0,False,False,False,,2026-01-03,09:00 AM PST,"Pittsburgh, PA",Petersen Events Center,,6652.0,The CW Network,Lee Cassell,Tony Chiazza,Jemel Spearman
401820649,Final,Virginia Tech Hokies,259,,12-3,78,Wake Forest Demon Deacons,154,,10-5,81,-5.5,False,0,False,False,False,,2026-01-03,09:00 AM PST,"Winston-Salem, NC",LJVM Coliseum,,8460.0,ACC Network,Tim Clougherty,Bill Covington Jr.,Tyler Kumpf
401827597,Final,Baylor Bears,239,,10-3,63,TCU Horned Frogs,2628,,11-3,69,-2.5,False,0,False,False,False,,2026-01-03,11:00 AM PST,"Fort Worth, TX",Schollmaier Arena,,6892.0,TNT,Bret Smith,Kipp Kissinger,Brooks Wells
401820645,Final,Boston College Eagles,103,,7-7,53,Georgia Tech Yellow Jackets,59,,10-5,65,-6.5,False,0,False,False,False,,2026-01-03,11:10 AM PST,"Atlanta, GA",McCamish Pavilion,,5978.0,ACC Network,Jerry Heater,Clarence Armstrong,Trey Styons
401820648,Final,North Carolina Tar Heels,153,12.0,13-2,83,SMU Mustangs,2567,,12-2,97,-1.5,False,0,False,False,False,,2026-01-03,11:15 AM PST,"Dallas, TX",Moody Coliseum (Dallas),,6698.0,The CW Network,Jeff Clark,Earl Walton,Eric Lewis
401820644,Final,Duke Blue Devils,150,6.0,13-1,91,Florida State Seminoles,52,,7-8,87,+16.5,True,0,False,False,False,,2026-01-03,12:45 PM PST,"Tallahassee, FL",Tucker Center,,6097.0,CBS,Justin Porterfield,A.J. Desai,Greg Evans
401825420,Final,Nebraska Cornhuskers,158,10.0,15-0,72,Ohio State Buckeyes,194,,10-4,69,-2.5,True,0,False,False,False,,2026-01-05,03:30 PM PST,"Columbus, OH",Value City Arena,,10382.0,FS1,Ron Groover,Kipp Kissinger,Keith Kimble
401820650,Final,Duke Blue Devils,150,6.0,14-1,84,Louisville Cardinals,97,20.0,11-4,73,+1.5,True,0,False,False,False,,2026-01-06,04:00 PM PST,"Louisville, KY",KFC Yum! Center,,17656.0,ESPN,Pat Driscoll,John Gaffney,Tony Chiazza
401820653,Final,Syracuse Orange,183,,10-5,82,Georgia Tech Yellow Jackets,59,,10-6,72,+2.5,True,0,False,False,False,,2026-01-06,04:00 PM PST,"Atlanta, GA",McCamish Pavilion,,6216.0,ACC Network,Lee Cassell,A.J. Desai,Tommy Morrissey
401825423,Final,Michigan Wolverines,130,2.0,14-0,74,Penn State Nittany Lions,213,,9-6,72,+24.5,True,0,False,False,False,,2026-01-06,04:00 PM PST,"University Park, PA",Bryce Jordan Center,,5491.0,FS1,Verne Harris,D.J. Carstensen,Andy  O'Brien
401820651,Final,NC State Wolfpack,152,,11-5,79,Boston College Eagles,103,,7-8,71,+11.5,True,0,False,False,False,,2026-01-06,06:00 PM PST,"Chestnut Hill, MA",Conte Forum,,1892.0,ACC Network,,,
401820655,Final,Stanford Cardinal,24,,13-3,69,Virginia Tech Hokies,259,,12-4,68,-3.5,True,0,False,False,False,,2026-01-07,04:00 PM PST,"Blacksburg, VA",Cassell Coliseum,,5427.0,ACC Network,John Gaffney,Tony Chiazza,Christopher Merb
401820656,Final,Miami Hurricanes,2390,,13-2,81,Wake Forest Demon Deacons,154,,10-6,77,-1.5,True,0,False,False,False,,2026-01-07,04:00 PM PST,"Winston-Salem, NC",LJVM Coliseum,,7869.0,ESPNU,A.J. Desai,Tony Henderson,Tommy Morrissey
401827605,Final,Iowa State Cyclones,66,3.0,15-0,70,Baylor Bears,239,,10-4,60,+3.5,True,0,False,False,False,,2026-01-07,05:00 PM PST,"Waco, TX",Foster Pavilion,,7287.0,Peacock,Tony Padilla,Marques Pettigrew,Doug Sirmons
401820652,Final,SMU Mustangs,2567,24.0,12-3,70,Clemson Tigers,228,,13-3,74,-3.5,False,0,False,False,False,,2026-01-07,06:00 PM PST,"Clemson, SC",Littlejohn Coliseum,,8134.0,ESPNU,Ron Groover,Bert Smith,Clarence Armstrong
401820654,Final,California Golden Bears,25,,13-3,60,Virginia Cavaliers,258,23.0,13-2,84,-14.5,False,0,False,False,False,,2026-01-07,06:00 PM PST,"Charlottesville, VA",John Paul Jones Arena,,11533.0,ACC Network,Bill Covington Jr.,Justin Porterfield,Eric Lewis
401825429,Final,Ohio State Buckeyes,194,,11-4,72,Oregon Ducks,2483,,8-8,62,-1.5,True,0,False,False,False,,2026-01-08,07:30 PM PST,"Eugene, OR",Matthew Knight Arena,,6037.0,BTN,Jason Phillips,Andy  O'Brien,Randy Richardson
401820658,Final,NC State Wolfpack,152,,12-5,113,Florida State Seminoles,52,,7-9,69,+4.5,True,0,False,False,False,,2026-01-10,09:00 AM PST,"Tallahassee, FL",Tucker Center,,6917.0,ACC Extra,Lee Cassell,Chris Merlo,Trey Styons
401820659,Final,Boston College Eagles,103,,7-9,62,Louisville Cardinals,97,20.0,12-4,75,-21.5,False,0,False,False,False,,2026-01-10,09:00 AM PST,"Louisville, KY",KFC Yum! Center,,14585.0,The CW Network,A.J. Desai,Jeff  Pon,Ben Stirt
401820660,Final,Georgia Tech Yellow Jackets,59,,10-7,81,Miami Hurricanes,2390,,14-2,91,-15.5,False,0,False,False,False,,2026-01-10,09:00 AM PST,"Coral Gables, FL",Watsco Center,,5328.0,ESPN2,Eric Lewis,Jemel Spearman,Ryan Sassano
401825432,Final,Wisconsin Badgers,275,,11-5,91,Michigan Wolverines,130,2.0,14-1,88,-19.5,True,0,False,False,False,,2026-01-10,10:00 AM PST,"Ann Arbor, MI",Crisler Center,,12707.0,CBS,Tim Comer,Jason Phillips,Randy Richardson
401827609,Final,Houston Cougars,248,7.0,15-1,77,Baylor Bears,239,,10-5,55,+2.5,True,0,False,False,False,,2026-01-10,10:00 AM PST,"Waco, TX",Foster Pavilion,,7335.0,Peacock/NBCSN,Darron George,Tyler Kumpf,Edwin  Young
401820657,Final,SMU Mustangs,2567,24.0,12-4,75,Duke Blue Devils,150,6.0,15-1,82,-15.5,False,0,False,False,False,,2026-01-10,11:00 AM PST,"Durham, NC",Cameron Indoor Stadium,,9314.0,ESPN,Brian  O'Connell,Roger Ayers,Tommy Morrissey
401820663,Final,Syracuse Orange,183,,11-5,83,Pittsburgh Panthers,221,,7-9,72,-1.5,True,0,False,False,False,,2026-01-10,11:00 AM PST,"Pittsburgh, PA",Petersen Events Center,,6358.0,ACC Network,Sean Hull,Ron Groover,Chase Shaw
401820664,Final,Stanford Cardinal,24,,13-4,55,Virginia Cavaliers,258,23.0,14-2,70,-12.5,False,0,False,False,False,,2026-01-10,11:15 AM PST,"Charlottesville, VA",John Paul Jones Arena,,14637.0,The CW Network,Jerry Heater,Clarence Armstrong,Kellen Miliner
401820665,Final,California Golden Bears,25,,13-4,75,Virginia Tech Hokies,259,,13-4,78,-5.5,False,0,False,False,False,,2026-01-10,01:00 PM PST,"Blacksburg, VA",Cassell Coliseum,,5323.0,ACC Network,Mark Schnur,Tony Henderson,Michael Kitts
401820661,Final,Wake Forest Demon Deacons,154,,10-7,84,North Carolina Tar Heels,153,17.0,14-2,87,-10.5,False,0,False,False,False,,2026-01-10,03:00 PM PST,"Chapel Hill, NC",Dean E. Smith Center,,21750.0,ACC Network,Bert Smith,Justin Porterfield,Matt Potter
401820662,Final,Clemson Tigers,228,,14-3,76,Notre Dame Fighting Irish,87,,10-6,61,+3.5,True,0,False,False,False,,2026-01-10,03:00 PM PST,"South Bend, IN",Purcell Pavilion,,6933.0,ESPN2,Bill Covington Jr.,Isaac Barnett,Anthony Eades
401825437,Final,Ohio State Buckeyes,194,,11-5,74,Washington Huskies,264,,10-6,81,-1.5,False,0,False,False,False,,2026-01-11,03:00 PM PST,"Seattle, WA",Alaska Airlines Arena,,8163.0,Peacock,Brian Dorsey,Paul Szelc,Nate Harris
401820667,Final,Boston College Eagles,103,,7-10,50,Clemson Tigers,228,22.0,15-3,74,-15.5,False,0,False,False,False,,2026-01-13,04:00 PM PST,"Clemson, SC",Littlejohn Coliseum,,7320.0,ACC Network,Bart Lenox,Eric Lewis,Courtney Green
401820669,Final,Virginia Cavaliers,258,16.0,15-2,79,Louisville Cardinals,97,20.0,12-5,70,-4.5,True,0,False,False,False,,2026-01-13,04:00 PM PST,"Louisville, KY",KFC Yum! Center,,14697.0,ESPN2,Bert Smith,Matt Potter,Marques Pettigrew
401820670,Final,Miami Hurricanes,2390,,15-2,81,Notre Dame Fighting Irish,87,,10-7,69,+5.5,True,0,False,False,False,,2026-01-13,04:00 PM PST,"South Bend, IN",Purcell Pavilion,,5278.0,ESPNU,Pat Driscoll,Ron Groover,Justin Porterfield
401820673,Final,Florida State Seminoles,52,,7-10,86,Syracuse Orange,183,,12-5,94,-4.5,False,0,False,False,False,,2026-01-13,06:00 PM PST,"Syracuse, NY",JMA Wireless Dome,,18684.0,ACC Network,Roger Ayers,Clarence Armstrong,Jemel Spearman
401827618,Final,Baylor Bears,239,,11-5,94,Oklahoma State Cowboys,197,,13-4,79,+1.5,True,0,False,False,False,,2026-01-13,06:00 PM PST,"Stillwater, OK",Gallagher-Iba Arena,,7514.0,CBSSN,Rick Crawford,Deron White,Christopher Merb
401820668,Final,Pittsburgh Panthers,221,,8-9,89,Georgia Tech Yellow Jackets,59,,10-8,66,+1.5,True,0,False,False,False,,2026-01-14,04:00 PM PST,"Atlanta, GA",McCamish Pavilion,,5269.0,ACC Network,Brian  O'Connell,Tony Chiazza,Matt Potter
401820671,Final,Virginia Tech Hokies,259,,13-5,76,SMU Mustangs,2567,,13-4,77,-8.5,False,0,False,False,False,,2026-01-14,06:00 PM PST,"Dallas, TX",Moody Coliseum (Dallas),,5048.0,ESPNU,Pat Driscoll,Byron Jarrett,Eric Lewis
401820672,Final,North Carolina Tar Heels,153,14.0,14-3,90,Stanford Cardinal,24,,14-4,95,+4.5,False,0,False,False,False,,2026-01-14,06:00 PM PST,"Stanford, CA",Maples Pavilion,,5369.0,ACC Network,Gregory Nixon,Bill Covington Jr.,Jemel Spearman
401825445,Final,Michigan Wolverines,130,4.0,15-1,82,Washington Huskies,264,,10-7,72,+12.5,True,0,False,False,False,,2026-01-14,07:30 PM PST,"Seattle, WA",Alaska Airlines Arena,,9294.0,BTN,Verne Harris,Amy Bonner,Tommy Nunez
401820666,Final,Duke Blue Devils,150,6.0,16-1,71,California Golden Bears,25,,13-5,56,+14.5,True,0,False,False,False,,2026-01-14,08:10 PM PST,"Berkeley, CA",Haas Pavilion,,11201.0,ACC Network,Michael Irving,Lee Cassell,Tony Padilla
401827624,Final,Baylor Bears,239,,11-6,62,Kansas Jayhawks,2305,,13-5,80,-7.5,False,0,False,False,False,,2026-01-16,05:00 PM PST,"Lawrence, KS",Allen Fieldhouse,,15300.0,FOX,Tony Padilla,Roger Ayers,Doug Simons
401820678,Final,Georgia Tech Yellow Jackets,59,,11-8,78,NC State Wolfpack,152,,12-6,74,-17.5,True,0,False,False,False,,2026-01-17,09:00 AM PST,"Raleigh, NC",Lenovo Center,,16378.0,The CW Network,Bert Smith,A.J. Desai,Anthony Eades
401820680,Final,Virginia Cavaliers,258,16.0,16-2,72,SMU Mustangs,2567,,13-5,68,+2.5,True,0,False,False,False,,2026-01-17,09:00 AM PST,"Dallas, TX",Moody Coliseum (Dallas),,6630.0,ESPN2,Jeff Clark,Ron Groover,Chase Shaw
401820682,Final,Notre Dame Fighting Irish,87,,10-8,76,Virginia Tech Hokies,259,,14-5,89,-6.5,False,0,False,False,False,,2026-01-17,09:00 AM PST,"Blacksburg, VA",Cassell Coliseum,,8925.0,ACC Network,Sean Hull,Tommy Morrissey,Kellen Miliner
401825449,Final,UCLA Bruins,26,,12-6,74,Ohio State Buckeyes,194,,12-5,86,-4.5,False,0,False,False,False,,2026-01-17,10:00 AM PST,"Columbus, OH",Value City Arena,,12937.0,CBS,Mike Littlewood,Alfred Smith,Kelly Pfeifer
401820674,Final,Syracuse Orange,183,,12-6,73,Boston College Eagles,103,,8-10,81,+5.5,False,1,False,False,False,,2026-01-17,11:00 AM PST,"Chestnut Hill, MA",Conte Forum,,8606.0,ACC Network,Pat Driscoll,Mark Schnur,Adam Flore
401820676,Final,Miami Hurricanes,2390,,15-3,59,Clemson Tigers,228,22.0,16-3,69,-4.5,False,0,False,False,False,,2026-01-17,11:15 AM PST,"Clemson, SC",Littlejohn Coliseum,,9000.0,The CW Network,Brian  O'Connell,Clarence Armstrong,Trey Styons
401820675,Final,North Carolina Tar Heels,153,14.0,14-4,78,California Golden Bears,25,,14-5,84,+7.5,False,0,False,False,False,,2026-01-17,01:00 PM PST,"Berkeley, CA",Haas Pavilion,,8077.0,ACC Network,Lee Cassell,Jerry Heater,Tommy Johnson
401825450,Final,Michigan Wolverines,130,4.0,16-1,81,Oregon Ducks,2483,,8-10,71,+18.5,True,0,False,False,False,,2026-01-17,01:00 PM PST,"Eugene, OR",Matthew Knight Arena,,8750.0,NBC,Kevin Brill,Mike Reed,Edwin  Young
401820677,Final,Wake Forest Demon Deacons,154,,11-7,69,Florida State Seminoles,52,,7-11,68,+1.5,True,0,False,False,False,,2026-01-17,03:00 PM PST,"Tallahassee, FL",Tucker Center,,6047.0,ESPN2,Tony Henderson,Eric Lewis,Ryan Sassano
401820681,Final,Duke Blue Devils,150,6.0,17-1,80,Stanford Cardinal,24,,14-5,50,+11.5,True,0,False,False,False,,2026-01-17,03:00 PM PST,"Stanford, CA",Maples Pavilion,,7880.0,ACC Network,Bill Covington Jr.,Marques Pettigrew,Jemel Spearman
401820679,Final,Louisville Cardinals,97,20.0,13-5,100,Pittsburgh Panthers,221,,8-10,59,+7.5,True,0,False,False,False,,2026-01-17,05:00 PM PST,"Pittsburgh, PA",Petersen Events Center,,6070.0,ESPN2,Tim Clougherty,Roger Ayers,Michael Kitts
401825457,Final,Minnesota Golden Gophers,135,,10-9,74,Ohio State Buckeyes,194,,13-5,82,-7.5,False,1,False,False,False,,2026-01-20,03:30 PM PST,"Columbus, OH",Value City Arena,,8750.0,BTN,Verne Harris,Paul Szelc,Randy Richardson
401820685,Final,NC State Wolfpack,152,,13-6,80,Clemson Tigers,228,18.0,16-4,76,-2.5,True,1,False,False,False,,2026-01-20,04:00 PM PST,"Clemson, SC",Littlejohn Coliseum,,9000.0,ACC Network,Tony Chiazza,Roger Ayers,Tommy Morrissey
401820686,Final,Florida State Seminoles,52,,8-11,65,Miami Hurricanes,2390,,15-4,63,-10.5,True,0,False,False,False,,2026-01-20,04:00 PM PST,"Coral Gables, FL",Watsco Center,,5664.0,ESPNU,Tim Clougherty,A.J. Desai,Matt Potter
401825456,Final,Indiana Hoosiers,84,,12-7,72,Michigan Wolverines,130,3.0,17-1,86,-15.5,False,0,False,False,False,,2026-01-20,04:00 PM PST,"Ann Arbor, MI",Crisler Center,,12707.0,Peacock,Mike Littlewood,Larry Scirotto,Nate Harris
401820683,Final,SMU Mustangs,2567,,14-5,91,Wake Forest Demon Deacons,154,,11-8,79,-1.5,True,0,False,False,False,,2026-01-20,06:00 PM PST,"Winston-Salem, NC",LJVM Coliseum,,7579.0,ACC Network,Lee Cassell,Brian  O'Connell,John Gaffney
401827632,Final,Texas Tech Red Raiders,2641,12.0,15-4,92,Baylor Bears,239,,11-7,73,+1.5,True,0,False,False,False,,2026-01-20,06:00 PM PST,"Waco, TX",Foster Pavilion,,7349.0,Peacock,Bret Smith,Darron George,Brooks Wells
401820684,Final,Pittsburgh Panthers,221,,8-11,62,Boston College Eagles,103,,9-10,65,+2.5,False,0,False,False,False,,2026-01-21,04:00 PM PST,"Chestnut Hill, MA",Conte Forum,,3233.0,ACC Network,Ron Groover,Kipp Kissinger,Tony Henderson
401820687,Final,Notre Dame Fighting Irish,87,,10-9,69,North Carolina Tar Heels,153,22.0,15-4,91,-13.5,False,0,False,False,False,,2026-01-21,04:00 PM PST,"Chapel Hill, NC",Dean E. Smith Center,,19686.0,ESPN2,Don Daily,Bert Smith,Clarence Armstrong
401820688,Final,Virginia Tech Hokies,259,,15-5,76,Syracuse Orange,183,,12-7,74,-3.5,True,0,False,False,False,,2026-01-21,06:00 PM PST,"Syracuse, NY",JMA Wireless Dome,,18738.0,ACC Network,Lee Cassell,A.J. Desai,Greg Evans
401825464,Final,Ohio State Buckeyes,194,,13-6,62,Michigan Wolverines,130,3.0,18-1,74,-16.5,False,0,False,False,False,,2026-01-23,05:00 PM PST,"Ann Arbor, MI",Crisler Center,,12707.0,FOX,D.J. Carstensen,Keith Kimble,Doug Sirmons
401820689,Final,Wake Forest Demon Deacons,154,,11-9,69,Duke Blue Devils,150,5.0,18-1,90,-19.5,False,0,False,False,False,,2026-01-24,09:00 AM PST,"Durham, NC",Cameron Indoor Stadium,,9314.0,The CW Network,Bert Smith,Tony Padilla,Isaac Barnett
401820690,Final,Clemson Tigers,228,18.0,17-4,77,Georgia Tech Yellow Jackets,59,,11-9,63,+8.5,True,0,False,False,False,,2026-01-24,09:00 AM PST,"Atlanta, GA",McCamish Pavilion,,6781.0,ACC Network,Bill Covington Jr.,Justin Porterfield,Clare Aubry
401820693,Final,NC State Wolfpack,152,,14-6,81,Pittsburgh Panthers,221,,8-12,72,+6.5,True,0,False,False,False,,2026-01-24,09:00 AM PST,"Pittsburgh, PA",Petersen Events Center,,5572.0,ESPNU,Lee Cassell,Tim Clougherty,Chase Shaw
401820697,Final,North Carolina Tar Heels,153,22.0,16-4,85,Virginia Cavaliers,258,14.0,16-3,80,-6.5,True,0,False,False,False,,2026-01-24,09:00 AM PST,"Charlottesville, VA",John Paul Jones Arena,,14637.0,ESPN2,Mark Schnur,Roger Ayers,Tommy Morrissey
401820696,Final,Miami Hurricanes,2390,,16-4,85,Syracuse Orange,183,,12-8,76,+1.5,True,0,False,False,False,,2026-01-24,11:00 AM PST,"Syracuse, NY",JMA Wireless Dome,,21417.0,ACC Network,Sean Hull,Ron Groover,Kellen Miliner
401820691,Final,Virginia Tech Hokies,259,,15-6,71,Louisville Cardinals,97,23.0,14-5,85,-14.5,False,0,False,False,False,,2026-01-24,11:15 AM PST,"Louisville, KY",KFC Yum! Center,,14907.0,The CW Network,Tony Henderson,Jemel Spearman,Trey Styons
401820694,Final,Florida State Seminoles,52,,8-12,80,SMU Mustangs,2567,,15-5,83,-11.5,False,0,False,False,False,,2026-01-24,01:00 PM PST,"Dallas, TX",Moody Coliseum (Dallas),,5974.0,ACC Network,Jerry Heater,Clarence Armstrong,Adam Flore
401820692,Final,Boston College Eagles,103,,9-11,64,Notre Dame Fighting Irish,87,,11-9,68,-7.5,False,0,False,False,False,,2026-01-24,03:00 PM PST,"South Bend, IN",Purcell Pavilion,,5248.0,ACC Network,A.J. Desai,Evon Burroughs,Jeff  Pon
401827641,Final,TCU Horned Frogs,2628,,13-7,97,Baylor Bears,239,,11-8,90,-4.5,True,0,False,False,False,,2026-01-24,03:00 PM PST,"Waco, TX",Foster Pavilion,,7124.0,ESPN,James Ford,Chance Moore,Kirk Smith
401820695,Final,California Golden Bears,25,,15-5,78,Stanford Cardinal,24,,14-6,66,-4.5,True,0,False,False,False,,2026-01-24,05:00 PM PST,"Stanford, CA",Maples Pavilion,,7291.0,ACC Network,Eric Lewis,Anthony Eades,Michael Kitts
